-- phpMyAdmin SQL Dump
-- version 4.8.4
-- https://www.phpmyadmin.net/
--
-- Hôte : 127.0.0.1
-- Généré le :  mer. 27 fév. 2019 à 01:15
-- Version du serveur :  10.1.37-MariaDB
-- Version de PHP :  7.3.1

SET SQL_MODE = "NO_AUTO_VALUE_ON_ZERO";
SET AUTOCOMMIT = 0;
START TRANSACTION;
SET time_zone = "+00:00";


/*!40101 SET @OLD_CHARACTER_SET_CLIENT=@@CHARACTER_SET_CLIENT */;
/*!40101 SET @OLD_CHARACTER_SET_RESULTS=@@CHARACTER_SET_RESULTS */;
/*!40101 SET @OLD_COLLATION_CONNECTION=@@COLLATION_CONNECTION */;
/*!40101 SET NAMES utf8mb4 */;

--
-- Base de données :  `administrator`
--

-- --------------------------------------------------------

--
-- Structure de la table `classes`
--

CREATE TABLE `classes` (
  `id` int(11) NOT NULL,
  `classe_name` text NOT NULL,
  `classe_year` int(11) NOT NULL,
  `classe_grade` int(11) NOT NULL,
  `classe_matieres` varchar(255) NOT NULL,
  `classe_description` text NOT NULL
) ENGINE=InnoDB DEFAULT CHARSET=utf8;

--
-- Déchargement des données de la table `classes`
--

INSERT INTO `classes` (`id`, `classe_name`, `classe_year`, `classe_grade`, `classe_matieres`, `classe_description`) VALUES
(1, 'Classe 1', 2019, 1, '', 'description de la classe 1');

-- --------------------------------------------------------

--
-- Structure de la table `classes_profs`
--

CREATE TABLE `classes_profs` (
  `id` int(11) NOT NULL,
  `classes_profs_classes_id` int(11) NOT NULL,
  `classes_profs_profs_id` int(11) NOT NULL
) ENGINE=InnoDB DEFAULT CHARSET=utf8;

--
-- Déchargement des données de la table `classes_profs`
--

INSERT INTO `classes_profs` (`id`, `classes_profs_classes_id`, `classes_profs_profs_id`) VALUES
(1, 1, 9),
(2, 1, 56);

-- --------------------------------------------------------

--
-- Structure de la table `classes_users`
--

CREATE TABLE `classes_users` (
  `id` int(11) NOT NULL,
  `classes_users_users_id` int(11) NOT NULL,
  `classes_users_classes_id` int(11) NOT NULL
) ENGINE=InnoDB DEFAULT CHARSET=utf8;

--
-- Déchargement des données de la table `classes_users`
--

INSERT INTO `classes_users` (`id`, `classes_users_users_id`, `classes_users_classes_id`) VALUES
(1, 9, 1),
(2, 23, 1);

-- --------------------------------------------------------

--
-- Structure de la table `courses`
--

CREATE TABLE `courses` (
  `id` int(11) NOT NULL,
  `course_title` text NOT NULL,
  `course_content` longtext NOT NULL,
  `course_url` varchar(255) NOT NULL,
  `courses_classes` varchar(255) NOT NULL,
  `courses_author` int(11) NOT NULL,
  `courses_matieres_id` int(11) NOT NULL
) ENGINE=InnoDB DEFAULT CHARSET=utf8;

--
-- Déchargement des données de la table `courses`
--

INSERT INTO `courses` (`id`, `course_title`, `course_content`, `course_url`, `courses_classes`, `courses_author`, `courses_matieres_id`) VALUES
(1, 'Sales 1', 'Content Cours Sales 1', 'url', '1', 9, 1),
(2, 'Training 1', 'Content Training 1', 'url', '1', 9, 2);

-- --------------------------------------------------------

--
-- Structure de la table `matieres`
--

CREATE TABLE `matieres` (
  `id` int(11) NOT NULL,
  `matieres_name` text NOT NULL
) ENGINE=InnoDB DEFAULT CHARSET=utf8;

--
-- Déchargement des données de la table `matieres`
--

INSERT INTO `matieres` (`id`, `matieres_name`) VALUES
(1, 'Sales'),
(2, 'Training'),
(3, 'Accounting'),
(4, 'Marketing'),
(5, 'Web Dev'),
(6, 'Product Management'),
(7, 'Services'),
(8, 'Design'),
(9, 'Engineering'),
(10, 'User Experience'),
(11, 'PHP'),
(12, 'Legal'),
(13, 'JavaScript'),
(14, 'Business Development'),
(15, 'Research and Development'),
(16, 'MySQL'),
(17, 'HTML5'),
(18, 'Human Resources'),
(19, 'CSS3'),
(20, 'Game Design'),
(21, '3D Conception'),
(22, 'Project management'),
(23, 'Scrum Engineering'),
(24, 'Chilling'),
(25, 'Web Advertising');

-- --------------------------------------------------------

--
-- Structure de la table `matieres_classes`
--

CREATE TABLE `matieres_classes` (
  `id` int(11) NOT NULL,
  `matieres_classes_classes_id` int(11) NOT NULL,
  `matieres_classes_matieres_id` int(11) NOT NULL
) ENGINE=InnoDB DEFAULT CHARSET=utf8;

--
-- Déchargement des données de la table `matieres_classes`
--

INSERT INTO `matieres_classes` (`id`, `matieres_classes_classes_id`, `matieres_classes_matieres_id`) VALUES
(1, 1, 2),
(2, 1, 1);

-- --------------------------------------------------------

--
-- Structure de la table `matieres_profs`
--

CREATE TABLE `matieres_profs` (
  `id` int(11) NOT NULL,
  `matieres_profs_users_id` int(11) NOT NULL,
  `matieres_profs_matieres_id` int(11) NOT NULL
) ENGINE=InnoDB DEFAULT CHARSET=utf8;

--
-- Déchargement des données de la table `matieres_profs`
--

INSERT INTO `matieres_profs` (`id`, `matieres_profs_users_id`, `matieres_profs_matieres_id`) VALUES
(1, 9, 2),
(2, 9, 3);

-- --------------------------------------------------------

--
-- Structure de la table `menu_links`
--

CREATE TABLE `menu_links` (
  `id` int(11) NOT NULL,
  `menu_link_name` varchar(255) NOT NULL,
  `menu_link_url` varchar(255) NOT NULL,
  `external` int(11) NOT NULL,
  `menu_link_display` int(11) NOT NULL
) ENGINE=InnoDB DEFAULT CHARSET=utf8;

-- --------------------------------------------------------

--
-- Structure de la table `news_cat`
--

CREATE TABLE `news_cat` (
  `id` int(11) NOT NULL,
  `news_cat_name` text NOT NULL
) ENGINE=InnoDB DEFAULT CHARSET=utf8;

--
-- Déchargement des données de la table `news_cat`
--

INSERT INTO `news_cat` (`id`, `news_cat_name`) VALUES
(1, 'pas de catégorie'),
(2, 'webdesign');

-- --------------------------------------------------------

--
-- Structure de la table `news_feed`
--

CREATE TABLE `news_feed` (
  `id` int(11) NOT NULL,
  `news_title` varchar(50) DEFAULT NULL,
  `news_category_id` int(11) NOT NULL,
  `news_link_external` varchar(1000) DEFAULT NULL,
  `news_content` varchar(50) DEFAULT NULL,
  `news_author` int(11) DEFAULT NULL,
  `news_date_publish` date DEFAULT NULL,
  `news_date_delete` date DEFAULT NULL,
  `news_views` int(11) DEFAULT NULL,
  `news_image` varchar(50) DEFAULT NULL
) ENGINE=InnoDB DEFAULT CHARSET=utf8;

--
-- Déchargement des données de la table `news_feed`
--

INSERT INTO `news_feed` (`id`, `news_title`, `news_category_id`, `news_link_external`, `news_content`, `news_author`, `news_date_publish`, `news_date_delete`, `news_views`, `news_image`) VALUES
(1001, 'User-centric intermediate workforce', 1, '', 'Underdosing of unspecified topical agent', 9, '2018-11-14', '2019-03-08', 20445, 'http://dummyimage.com/220x104.jpg/5fa2dd/ffffff'),
(1002, 'Persistent national function', 1, 'https://abc.net.au', 'Disorders of visual cortex', 3, '2018-11-28', '2019-03-10', 37157, 'http://dummyimage.com/188x126.jpg/ff4444/ffffff'),
(1003, 'Multi-layered static conglomeration', 1, 'https://twitpic.com', 'Unspecified fracture of upper end of left tibia', 5, '2018-11-02', '2019-05-03', 77614, 'http://dummyimage.com/114x248.jpg/cc0000/ffffff'),
(1004, 'Integrated executive success', 1, 'http://salon.com', 'Maternal care for other isoimmunization, third tri', 5, '2018-10-07', '2019-03-31', 8068, 'http://dummyimage.com/246x230.jpg/cc0000/ffffff'),
(1005, 'Public-key intermediate frame', 1, 'https://dion.ne.jp', 'Displaced avulsion fracture (chip fracture) of uns', 6, '2018-05-27', '2019-09-29', 38870, 'http://dummyimage.com/158x182.jpg/dddddd/000000'),
(1006, 'Customer-focused dynamic groupware', 1, 'https://sfgate.com', 'Other specified deforming dorsopathies, thoracolum', 6, '2018-04-10', '2019-08-09', 15929, 'http://dummyimage.com/161x214.jpg/dddddd/000000'),
(1007, 'Phased zero defect application', 1, 'http://wufoo.com', 'Unspecified complication of foreign body accidenta', 9, '2018-04-04', '2019-09-16', 90681, 'http://dummyimage.com/229x167.jpg/5fa2dd/ffffff'),
(1008, 'Customizable uniform portal', 1, 'http://acquirethisname.com', 'Focal chorioretinal inflammation, juxtapapillary, ', 5, '2018-02-17', '2019-06-29', 52500, 'http://dummyimage.com/173x203.jpg/5fa2dd/ffffff'),
(1009, 'Secured multimedia application', 1, 'https://jigsy.com', 'Partial traumatic amputation at level between righ', 8, '2018-03-19', '2019-08-30', 35331, 'http://dummyimage.com/132x180.jpg/cc0000/ffffff'),
(1010, 'Total directional application', 1, 'https://facebook.com', 'Exposure to melting of other clothing and apparel,', 5, '2018-06-08', '2019-08-14', 42638, 'http://dummyimage.com/215x199.jpg/dddddd/000000'),
(1011, 'Enhanced secondary projection', 1, 'https://mediafire.com', 'Spinal instabilities, thoracolumbar region', 5, '2019-02-01', '2019-05-29', 30264, 'http://dummyimage.com/146x105.jpg/dddddd/000000'),
(1012, 'Cross-group multi-state concept', 1, 'https://moonfruit.com', 'Sprain of other specified parts of right shoulder ', 1, '2018-05-26', '2019-08-18', 94161, 'http://dummyimage.com/196x146.jpg/cc0000/ffffff'),
(1013, 'Synchronised asynchronous hardware', 1, 'https://ebay.co.uk', 'Dislocation of metacarpophalangeal joint of right ', 7, '2019-01-11', '2019-09-13', 56178, 'http://dummyimage.com/102x231.jpg/ff4444/ffffff'),
(1014, 'Reverse-engineered demand-driven synergy', 1, 'http://plala.or.jp', 'Poisoning by other topical agents, assault', 4, '2018-04-24', '2019-10-24', 88019, 'http://dummyimage.com/154x206.jpg/cc0000/ffffff'),
(1015, 'Multi-layered logistical collaboration', 1, 'http://addthis.com', 'Toxic effect of other tobacco and nicotine, intent', 6, '2018-08-29', '2019-09-03', 25155, 'http://dummyimage.com/166x185.jpg/dddddd/000000'),
(1016, 'User-centric explicit implementation', 1, 'https://latimes.com', 'Toxic effect of sulfur dioxide', 1, '2018-04-18', '2019-04-27', 9781, 'http://dummyimage.com/173x155.jpg/cc0000/ffffff'),
(1017, 'Operative demand-driven knowledge base', 1, 'http://naver.com', 'Injury of ulnar nerve at wrist and hand level of r', 8, '2018-09-21', '2019-02-28', 40015, 'http://dummyimage.com/150x203.jpg/dddddd/000000'),
(1018, 'Profit-focused eco-centric moderator', 1, 'http://jalbum.net', 'Unspecified physeal fracture of lower end of humer', 2, '2018-11-10', '2019-05-30', 16564, 'http://dummyimage.com/186x102.jpg/ff4444/ffffff'),
(1019, 'Triple-buffered clear-thinking contingency', 1, 'http://4shared.com', 'Cerebral vasospasm and vasoconstriction', 8, '2018-02-18', '2019-10-21', 21150, 'http://dummyimage.com/186x115.jpg/dddddd/000000'),
(1020, 'Customizable 6th generation service-desk', 1, 'http://lycos.com', 'Nontraumatic compartment syndrome of right upper e', 6, '2018-11-16', '2019-10-02', 74673, 'http://dummyimage.com/182x146.jpg/dddddd/000000'),
(1021, 'Enhanced object-oriented middleware', 1, 'http://discuz.net', 'Superficial foreign body, unspecified lower leg, s', 9, '2018-02-09', '2019-02-14', 92113, 'http://dummyimage.com/182x138.jpg/dddddd/000000'),
(1022, 'Re-engineered 3rd generation system engine', 1, 'https://amazon.co.uk', 'Other specified injury of unspecified blood vessel', 5, '2019-01-02', '2019-04-05', 58903, 'http://dummyimage.com/102x155.jpg/cc0000/ffffff'),
(1023, 'Switchable full-range functionalities', 1, 'http://i2i.jp', 'Unspecified corneal ulcer, unspecified eye', 1, '2018-12-30', '2019-02-23', 69821, 'http://dummyimage.com/106x134.jpg/5fa2dd/ffffff'),
(1024, 'Fundamental local implementation', 1, 'http://people.com.cn', 'Toxic effect of venom of other spider, intentional', 10, '2018-11-17', '2019-12-01', 2773, 'http://dummyimage.com/214x225.jpg/dddddd/000000'),
(1025, 'Right-sized asymmetric infrastructure', 1, 'http://wunderground.com', 'Pathological fracture, left hand, subsequent encou', 1, '2018-06-29', '2019-08-15', 41799, 'http://dummyimage.com/202x159.jpg/cc0000/ffffff'),
(1026, 'Seamless tertiary ability', 1, 'https://arizona.edu', 'Nondisplaced fracture of left ulna styloid process', 6, '2018-06-21', '2019-10-09', 74658, 'http://dummyimage.com/249x161.jpg/5fa2dd/ffffff'),
(1027, 'Multi-layered bifurcated neural-net', 1, 'http://shareasale.com', 'Nondisplaced unspecified condyle fracture of lower', 4, '2018-02-21', '2019-02-17', 35732, 'http://dummyimage.com/195x207.jpg/cc0000/ffffff'),
(1028, 'Upgradable cohesive implementation', 1, 'http://cisco.com', 'Poisoning by tetracyclines, assault, sequela', 6, '2018-08-13', '2019-10-12', 27543, 'http://dummyimage.com/239x147.jpg/dddddd/000000'),
(1029, 'Virtual impactful middleware', 1, 'http://parallels.com', 'Pathological fracture in other disease, left tibia', 1, '2018-08-13', '2019-07-26', 20982, 'http://dummyimage.com/162x123.jpg/ff4444/ffffff'),
(1030, 'Organized context-sensitive open architecture', 1, 'https://gov.uk', 'Subluxation of tarsal joint of unspecified foot, i', 8, '2018-10-19', '2019-08-29', 13152, 'http://dummyimage.com/111x240.jpg/5fa2dd/ffffff'),
(1031, 'Robust impactful internet solution', 1, 'https://t-online.de', 'Other foreign object in bronchus causing asphyxiat', 6, '2018-07-13', '2019-09-28', 66148, 'http://dummyimage.com/139x199.jpg/cc0000/ffffff'),
(1032, 'Persevering fault-tolerant portal', 1, 'http://npr.org', 'Person injured in collision between car and heavy ', 6, '2018-09-19', '2019-02-27', 59547, 'http://dummyimage.com/120x185.jpg/cc0000/ffffff'),
(1033, 'Integrated client-driven projection', 1, 'http://moonfruit.com', 'Corrosion of first degree of unspecified single fi', 6, '2018-12-17', '2019-04-08', 13759, 'http://dummyimage.com/107x223.jpg/5fa2dd/ffffff'),
(1034, 'Persevering transitional focus group', 1, 'https://trellian.com', 'War operations involving fragments of improvised e', 7, '2018-10-29', '2019-03-12', 14291, 'http://dummyimage.com/153x248.jpg/5fa2dd/ffffff'),
(1035, 'Function-based multi-tasking flexibility', 1, 'https://yahoo.com', 'Other hallucinations', 2, '2018-11-17', '2019-05-03', 57165, 'http://dummyimage.com/230x180.jpg/cc0000/ffffff'),
(1036, 'Reverse-engineered secondary forecast', 1, 'https://addthis.com', 'Other diseases of vocal cords', 2, '2019-01-03', '2019-04-16', 97626, 'http://dummyimage.com/219x193.jpg/cc0000/ffffff'),
(1037, 'Devolved zero administration moderator', 1, 'http://xrea.com', 'Malignant neoplasm of body of penis', 9, '2018-09-13', '2019-05-30', 30890, 'http://dummyimage.com/123x140.jpg/cc0000/ffffff'),
(1038, 'Assimilated client-driven capacity', 1, 'https://skype.com', 'Acute petrositis, left ear', 3, '2018-10-22', '2019-04-12', 65585, 'http://dummyimage.com/228x178.jpg/5fa2dd/ffffff'),
(1039, 'Centralized 4th generation pricing structure', 1, 'https://t-online.de', 'Unspecified traumatic displaced spondylolisthesis ', 10, '2018-05-01', '2019-10-28', 83357, 'http://dummyimage.com/123x100.jpg/5fa2dd/ffffff'),
(1040, 'Enterprise-wide interactive framework', 1, 'https://domainmarket.com', 'Radiohumeral (joint) sprain of unspecified elbow', 2, '2018-12-02', '2019-11-10', 21537, 'http://dummyimage.com/244x115.jpg/5fa2dd/ffffff'),
(1041, 'Reverse-engineered demand-driven superstructure', 1, 'http://github.com', 'Drug or chemical induced diabetes mellitus with di', 10, '2018-03-21', '2019-07-28', 17863, 'http://dummyimage.com/200x158.jpg/cc0000/ffffff'),
(1042, 'Face to face regional data-warehouse', 1, 'http://mlb.com', 'Burn of third degree of trunk, unspecified site, s', 10, '2018-10-14', '2019-07-09', 35562, 'http://dummyimage.com/193x214.jpg/ff4444/ffffff'),
(1043, 'Inverse user-facing knowledge user', 1, 'https://infoseek.co.jp', 'Other injury of muscle(s) and tendon(s) of anterio', 2, '2018-10-11', '2019-09-06', 81016, 'http://dummyimage.com/177x193.jpg/5fa2dd/ffffff'),
(1044, 'Decentralized object-oriented methodology', 1, 'https://sfgate.com', 'Other congenital malformations of peripheral vascu', 7, '2018-08-23', '2019-03-31', 74434, 'http://dummyimage.com/159x114.jpg/5fa2dd/ffffff'),
(1045, 'Organized holistic benchmark', 1, 'http://mozilla.com', 'Driver injured in collision with unspecified motor', 2, '2018-03-30', '2019-05-30', 26282, 'http://dummyimage.com/122x205.jpg/ff4444/ffffff'),
(1046, 'Cloned dedicated capability', 1, 'https://sourceforge.net', 'Disorder of branched-chain amino-acid metabolism, ', 5, '2018-05-25', '2019-09-12', 1973, 'http://dummyimage.com/212x237.jpg/cc0000/ffffff'),
(1047, 'Managed needs-based budgetary management', 1, 'https://google.it', 'Abrasion of right index finger, initial encounter', 8, '2018-12-23', '2019-09-16', 57196, 'http://dummyimage.com/122x132.jpg/dddddd/000000'),
(1048, 'Configurable bi-directional analyzer', 1, 'https://eventbrite.com', 'Poisoning by, adverse effect of and underdosing of', 8, '2019-01-12', '2019-10-01', 95321, 'http://dummyimage.com/186x240.jpg/ff4444/ffffff'),
(1049, 'Object-based impactful utilisation', 1, 'http://4shared.com', 'Extrarenal uremia', 3, '2018-06-14', '2019-09-17', 88377, 'http://dummyimage.com/246x144.jpg/ff4444/ffffff'),
(1050, 'De-engineered demand-driven support', 1, 'http://dot.gov', 'Laceration with foreign body of front wall of thor', 4, '2018-10-28', '2019-03-30', 28384, 'http://dummyimage.com/133x144.jpg/5fa2dd/ffffff');

-- --------------------------------------------------------

--
-- Structure de la table `notes`
--

CREATE TABLE `notes` (
  `id` int(11) NOT NULL,
  `note_user_id` int(11) NOT NULL,
  `note_matiere_id` int(11) NOT NULL,
  `note_prof_id` int(11) NOT NULL,
  `note_date` date NOT NULL,
  `note_note` int(11) NOT NULL,
  `note_commentaire` text NOT NULL
) ENGINE=InnoDB DEFAULT CHARSET=utf8;

--
-- Déchargement des données de la table `notes`
--

INSERT INTO `notes` (`id`, `note_user_id`, `note_matiere_id`, `note_prof_id`, `note_date`, `note_note`, `note_commentaire`) VALUES
(1, 457, 19, 9, '2018-05-22', 2, ''),
(2, 252, 7, 9, '2018-03-01', 4, ''),
(3, 145, 10, 9, '2018-09-18', 4, ''),
(4, 75, 8, 9, '2018-08-18', 3, ''),
(5, 159, 13, 9, '2018-03-22', 3, ''),
(6, 476, 16, 9, '2018-08-31', 1, ''),
(7, 497, 1, 9, '2018-01-10', 4, ''),
(8, 180, 4, 9, '2018-09-17', 1, ''),
(9, 24, 16, 9, '2018-11-14', 2, ''),
(10, 172, 6, 9, '2018-10-07', 3, ''),
(11, 370, 17, 9, '2018-10-21', 3, ''),
(12, 190, 17, 9, '2018-01-09', 1, ''),
(13, 345, 1, 9, '2018-07-25', 4, ''),
(14, 275, 8, 9, '2018-09-20', 5, ''),
(15, 249, 3, 9, '2018-03-25', 5, ''),
(16, 106, 2, 9, '2017-12-08', 3, ''),
(17, 138, 4, 9, '2018-08-24', 2, ''),
(18, 407, 7, 9, '2018-09-03', 1, ''),
(19, 414, 4, 9, '2017-12-31', 5, ''),
(20, 34, 4, 9, '2018-10-27', 2, ''),
(21, 273, 8, 9, '2018-04-09', 1, ''),
(22, 434, 6, 9, '2018-01-13', 4, ''),
(23, 468, 18, 9, '2018-02-28', 2, ''),
(24, 400, 4, 9, '2017-12-05', 1, ''),
(25, 286, 14, 9, '2017-12-13', 2, ''),
(26, 183, 19, 9, '2018-08-24', 4, ''),
(27, 319, 1, 9, '2018-07-19', 3, ''),
(28, 225, 12, 9, '2018-04-27', 1, ''),
(29, 487, 11, 9, '2018-05-16', 5, ''),
(30, 212, 7, 9, '2018-10-09', 3, ''),
(31, 100, 4, 9, '2018-04-20', 4, ''),
(32, 445, 10, 9, '2017-12-16', 1, ''),
(33, 259, 6, 9, '2018-08-19', 5, ''),
(34, 334, 7, 9, '2018-08-31', 2, ''),
(35, 425, 18, 9, '2017-12-26', 5, ''),
(36, 159, 10, 9, '2018-02-25', 3, ''),
(37, 257, 9, 9, '2018-07-06', 1, ''),
(38, 4, 16, 9, '2018-04-09', 1, ''),
(39, 65, 13, 9, '2018-03-21', 3, ''),
(40, 118, 15, 9, '2018-08-24', 3, ''),
(41, 80, 3, 9, '2018-08-17', 5, ''),
(42, 151, 4, 9, '2017-11-15', 1, ''),
(43, 60, 17, 9, '2018-04-07', 3, ''),
(44, 80, 15, 9, '2018-07-06', 2, ''),
(45, 370, 20, 9, '2018-11-11', 2, ''),
(46, 232, 9, 9, '2018-07-14', 4, ''),
(47, 174, 17, 9, '2018-04-14', 4, ''),
(48, 35, 8, 9, '2018-01-05', 2, ''),
(49, 217, 14, 9, '2018-10-03', 4, ''),
(50, 386, 16, 9, '2017-11-20', 2, ''),
(51, 418, 11, 9, '2017-11-22', 5, ''),
(52, 198, 19, 9, '2018-10-05', 4, ''),
(53, 365, 17, 9, '2018-10-25', 3, ''),
(54, 235, 8, 9, '2018-10-31', 2, ''),
(55, 131, 1, 9, '2018-01-21', 4, ''),
(56, 61, 8, 9, '2018-10-18', 4, ''),
(57, 336, 16, 9, '2018-08-16', 3, ''),
(58, 269, 1, 9, '2018-05-17', 2, ''),
(59, 356, 10, 9, '2018-02-08', 1, ''),
(60, 27, 19, 9, '2018-01-03', 2, ''),
(61, 53, 4, 9, '2018-01-11', 3, ''),
(62, 396, 8, 9, '2018-10-04', 3, ''),
(63, 2, 5, 9, '2018-07-04', 3, ''),
(64, 389, 16, 9, '2018-01-13', 1, ''),
(65, 327, 14, 9, '2018-06-12', 5, ''),
(66, 362, 6, 9, '2018-07-10', 5, ''),
(67, 190, 12, 9, '2018-10-26', 3, ''),
(68, 340, 3, 9, '2018-06-17', 4, ''),
(69, 228, 2, 9, '2018-10-05', 2, ''),
(70, 483, 18, 9, '2018-01-09', 3, ''),
(71, 467, 9, 9, '2018-07-27', 3, ''),
(72, 77, 7, 9, '2018-10-29', 2, ''),
(73, 27, 9, 9, '2017-12-11', 2, ''),
(74, 301, 19, 9, '2017-12-19', 2, ''),
(75, 449, 18, 9, '2018-07-18', 4, ''),
(76, 51, 14, 9, '2018-02-05', 4, ''),
(77, 333, 14, 9, '2018-11-03', 4, ''),
(78, 380, 4, 9, '2018-10-06', 4, ''),
(79, 185, 2, 9, '2018-09-01', 5, ''),
(80, 174, 3, 9, '2017-12-15', 3, ''),
(81, 30, 4, 9, '2018-06-06', 1, ''),
(82, 465, 18, 9, '2018-05-23', 3, ''),
(83, 263, 18, 9, '2018-10-21', 5, ''),
(84, 441, 3, 9, '2017-12-25', 5, ''),
(85, 354, 15, 9, '2017-12-02', 4, ''),
(86, 193, 14, 9, '2018-07-05', 5, ''),
(87, 323, 19, 9, '2018-01-04', 4, ''),
(88, 5, 8, 9, '2018-03-22', 3, ''),
(89, 40, 13, 9, '2018-09-09', 3, ''),
(90, 76, 20, 9, '2018-03-16', 1, ''),
(91, 318, 18, 9, '2018-05-24', 4, ''),
(92, 468, 1, 9, '2018-02-27', 3, ''),
(93, 293, 18, 9, '2017-12-02', 1, ''),
(94, 67, 1, 9, '2018-01-09', 4, ''),
(95, 402, 10, 9, '2018-01-05', 1, ''),
(96, 123, 15, 9, '2018-03-30', 2, ''),
(97, 13, 19, 9, '2018-01-13', 5, ''),
(98, 403, 14, 9, '2018-04-04', 3, ''),
(99, 254, 9, 9, '2018-10-14', 2, ''),
(100, 44, 15, 9, '2018-04-29', 1, ''),
(101, 53, 12, 9, '2018-04-22', 5, ''),
(102, 252, 8, 9, '2018-10-10', 5, ''),
(103, 230, 15, 9, '2018-07-23', 3, ''),
(104, 470, 1, 9, '2018-10-12', 5, ''),
(105, 89, 9, 9, '2018-09-03', 1, ''),
(106, 491, 2, 9, '2018-06-03', 1, ''),
(107, 304, 6, 9, '2018-03-25', 1, ''),
(108, 165, 4, 9, '2018-02-07', 1, ''),
(109, 425, 6, 9, '2018-07-31', 4, ''),
(110, 11, 3, 9, '2017-12-28', 2, ''),
(111, 239, 20, 9, '2018-05-06', 3, ''),
(112, 226, 18, 9, '2018-01-25', 4, ''),
(113, 500, 9, 9, '2018-04-17', 4, ''),
(114, 229, 7, 9, '2018-02-28', 1, ''),
(115, 5, 10, 9, '2018-08-25', 3, ''),
(117, 47, 17, 9, '2018-06-18', 2, ''),
(118, 49, 14, 9, '2018-10-03', 3, ''),
(119, 23, 19, 9, '2018-03-11', 5, ''),
(120, 274, 14, 9, '2017-12-17', 4, ''),
(121, 365, 11, 9, '2018-03-02', 1, ''),
(122, 206, 1, 9, '2018-05-22', 2, ''),
(123, 91, 8, 9, '2018-09-13', 1, ''),
(124, 37, 7, 9, '2018-06-26', 3, ''),
(125, 247, 2, 9, '2018-03-08', 1, ''),
(126, 254, 8, 9, '2018-06-16', 4, ''),
(127, 3, 11, 9, '2018-02-23', 5, ''),
(128, 398, 17, 9, '2018-02-26', 4, ''),
(129, 423, 19, 9, '2018-03-12', 2, ''),
(130, 236, 8, 9, '2018-05-23', 1, ''),
(131, 248, 9, 9, '2018-02-09', 5, ''),
(132, 367, 4, 9, '2018-10-02', 2, ''),
(133, 151, 5, 9, '2018-08-19', 3, ''),
(134, 296, 17, 9, '2017-12-10', 4, ''),
(135, 298, 10, 9, '2017-12-27', 1, ''),
(136, 176, 5, 9, '2018-06-01', 2, ''),
(137, 367, 12, 9, '2018-02-18', 2, ''),
(138, 260, 7, 9, '2018-04-16', 4, ''),
(139, 11, 15, 9, '2018-11-08', 5, ''),
(140, 172, 1, 9, '2018-04-02', 2, ''),
(141, 252, 2, 9, '2018-10-05', 4, ''),
(142, 201, 10, 9, '2018-04-19', 2, ''),
(143, 249, 15, 9, '2018-01-05', 2, ''),
(144, 201, 2, 9, '2018-09-01', 5, ''),
(145, 112, 16, 9, '2017-11-15', 4, ''),
(146, 279, 4, 9, '2018-05-01', 4, ''),
(147, 478, 19, 9, '2018-07-22', 2, ''),
(148, 313, 1, 9, '2018-09-11', 2, ''),
(149, 277, 2, 9, '2018-10-17', 1, ''),
(150, 429, 12, 9, '2018-09-19', 4, ''),
(151, 269, 1, 9, '2017-12-04', 5, ''),
(152, 401, 17, 9, '2017-12-04', 4, ''),
(153, 68, 14, 9, '2018-09-27', 4, ''),
(154, 211, 16, 9, '2017-12-30', 1, ''),
(155, 374, 9, 9, '2018-05-30', 5, ''),
(156, 432, 6, 9, '2018-01-20', 2, ''),
(157, 229, 4, 9, '2018-03-10', 4, ''),
(158, 361, 18, 9, '2017-12-24', 1, ''),
(159, 78, 1, 9, '2017-12-08', 5, ''),
(160, 34, 3, 9, '2018-10-04', 2, ''),
(161, 98, 10, 9, '2018-09-28', 5, ''),
(162, 58, 14, 9, '2017-12-29', 2, ''),
(163, 284, 10, 9, '2017-11-17', 5, ''),
(164, 304, 7, 9, '2018-09-13', 2, ''),
(165, 140, 20, 9, '2018-03-22', 5, ''),
(166, 410, 16, 9, '2017-12-16', 1, ''),
(167, 425, 11, 9, '2018-06-03', 5, ''),
(168, 214, 3, 9, '2018-02-15', 5, ''),
(169, 139, 11, 9, '2018-05-29', 5, ''),
(170, 466, 11, 9, '2018-07-01', 2, ''),
(171, 243, 14, 9, '2018-05-05', 3, ''),
(172, 442, 7, 9, '2018-02-24', 1, ''),
(173, 246, 7, 9, '2017-12-02', 1, ''),
(174, 370, 3, 9, '2018-03-24', 2, ''),
(175, 236, 17, 9, '2018-04-19', 4, ''),
(176, 42, 20, 9, '2018-03-01', 4, ''),
(177, 268, 17, 9, '2018-03-16', 5, ''),
(178, 283, 11, 9, '2018-11-13', 1, ''),
(179, 174, 7, 9, '2018-02-15', 3, ''),
(180, 199, 3, 9, '2017-12-14', 3, ''),
(181, 163, 9, 9, '2018-01-30', 2, ''),
(182, 303, 2, 9, '2018-09-06', 2, ''),
(183, 459, 17, 9, '2018-01-16', 5, ''),
(184, 498, 10, 9, '2017-11-20', 4, ''),
(185, 34, 2, 9, '2018-01-28', 9, ''),
(186, 262, 19, 9, '2018-09-26', 3, ''),
(187, 402, 7, 9, '2018-03-25', 3, ''),
(188, 205, 17, 9, '2018-05-31', 3, ''),
(189, 487, 18, 9, '2018-07-14', 1, ''),
(190, 72, 5, 9, '2017-11-15', 5, ''),
(191, 242, 10, 9, '2018-02-06', 2, ''),
(192, 306, 7, 9, '2018-01-07', 2, ''),
(193, 152, 8, 9, '2018-05-31', 4, ''),
(194, 487, 12, 9, '2018-04-28', 3, ''),
(195, 317, 1, 9, '2018-01-06', 2, ''),
(196, 123, 17, 9, '2017-11-30', 2, ''),
(197, 115, 18, 9, '2018-10-31', 3, ''),
(198, 7, 11, 9, '2018-11-08', 3, ''),
(199, 228, 13, 9, '2018-09-10', 2, ''),
(200, 134, 3, 9, '2018-04-05', 2, ''),
(201, 268, 2, 9, '2018-01-22', 1, ''),
(202, 195, 13, 9, '2018-04-23', 1, ''),
(203, 306, 11, 9, '2018-09-16', 5, ''),
(204, 88, 15, 9, '2018-09-06', 1, ''),
(205, 130, 12, 9, '2018-08-14', 3, ''),
(206, 49, 19, 9, '2018-06-22', 3, ''),
(207, 377, 17, 9, '2018-05-05', 3, ''),
(208, 328, 7, 9, '2017-12-28', 5, ''),
(209, 20, 11, 9, '2018-06-22', 3, ''),
(210, 52, 12, 9, '2017-11-21', 5, ''),
(211, 315, 16, 9, '2017-11-16', 5, ''),
(212, 466, 4, 9, '2018-05-24', 5, ''),
(213, 218, 17, 9, '2017-11-26', 3, ''),
(214, 211, 4, 9, '2018-03-27', 3, ''),
(215, 40, 12, 9, '2018-01-10', 2, ''),
(216, 167, 4, 9, '2018-09-18', 2, ''),
(217, 24, 10, 9, '2018-10-17', 2, ''),
(218, 78, 11, 9, '2018-06-25', 1, ''),
(219, 204, 1, 9, '2018-01-24', 2, ''),
(220, 453, 17, 9, '2018-10-12', 1, ''),
(221, 232, 17, 9, '2018-10-13', 5, ''),
(222, 176, 16, 9, '2018-05-04', 3, ''),
(223, 499, 20, 9, '2018-08-23', 4, ''),
(224, 51, 8, 9, '2018-07-20', 1, ''),
(225, 470, 20, 9, '2018-06-10', 5, ''),
(226, 361, 3, 9, '2018-03-11', 3, ''),
(227, 171, 15, 9, '2018-09-15', 1, ''),
(228, 262, 18, 9, '2018-11-06', 9, ''),
(229, 316, 14, 9, '2018-11-01', 5, ''),
(230, 227, 12, 9, '2018-03-21', 1, ''),
(231, 6, 19, 9, '2018-01-23', 5, ''),
(232, 115, 11, 9, '2018-08-19', 2, ''),
(233, 49, 2, 9, '2018-01-22', 1, ''),
(234, 171, 10, 9, '2018-03-22', 4, ''),
(235, 82, 4, 9, '2018-01-15', 1, ''),
(236, 388, 12, 9, '2018-04-10', 1, ''),
(237, 127, 17, 9, '2018-07-17', 5, ''),
(238, 352, 7, 9, '2018-06-20', 5, ''),
(239, 327, 4, 9, '2018-06-14', 2, ''),
(240, 421, 17, 9, '2017-12-12', 1, ''),
(241, 369, 1, 9, '2018-03-07', 1, ''),
(242, 231, 15, 9, '2017-12-26', 4, ''),
(243, 116, 15, 9, '2018-10-14', 4, ''),
(244, 476, 6, 9, '2018-04-20', 3, ''),
(245, 172, 9, 9, '2018-02-24', 1, ''),
(246, 141, 8, 9, '2018-09-16', 1, ''),
(247, 395, 10, 9, '2018-07-26', 1, ''),
(248, 411, 11, 9, '2018-03-20', 4, ''),
(249, 60, 6, 9, '2018-09-13', 1, ''),
(250, 224, 9, 9, '2018-09-25', 1, ''),
(251, 410, 3, 9, '2018-05-12', 2, ''),
(252, 196, 12, 9, '2018-01-07', 1, ''),
(253, 272, 18, 9, '2018-09-20', 2, ''),
(254, 308, 20, 9, '2018-05-10', 2, ''),
(255, 76, 18, 9, '2018-05-03', 1, ''),
(256, 147, 7, 9, '2018-08-26', 5, ''),
(257, 319, 15, 9, '2018-09-12', 4, ''),
(258, 451, 6, 9, '2018-08-09', 5, ''),
(259, 347, 6, 9, '2018-02-13', 1, ''),
(260, 268, 14, 9, '2018-06-07', 2, ''),
(261, 397, 1, 9, '2018-08-12', 5, ''),
(262, 68, 1, 9, '2018-09-12', 4, ''),
(263, 361, 3, 9, '2018-10-03', 4, ''),
(264, 79, 11, 9, '2018-09-28', 1, ''),
(265, 457, 5, 9, '2018-03-02', 4, ''),
(266, 398, 15, 9, '2018-06-18', 1, ''),
(267, 378, 2, 9, '2017-12-03', 4, ''),
(268, 228, 18, 9, '2017-12-30', 1, ''),
(269, 171, 9, 9, '2018-03-25', 5, ''),
(270, 415, 5, 9, '2018-06-11', 4, ''),
(271, 409, 1, 9, '2017-12-07', 5, ''),
(272, 246, 8, 9, '2018-10-14', 3, ''),
(273, 449, 2, 9, '2018-04-08', 2, ''),
(274, 57, 13, 9, '2018-06-29', 5, ''),
(275, 225, 1, 9, '2017-11-20', 2, ''),
(276, 435, 3, 9, '2017-11-30', 2, ''),
(277, 141, 12, 9, '2018-08-04', 5, ''),
(278, 110, 15, 9, '2018-08-13', 4, ''),
(279, 344, 19, 9, '2018-07-24', 3, ''),
(280, 391, 2, 9, '2018-03-03', 2, ''),
(281, 138, 3, 9, '2018-03-18', 5, ''),
(282, 263, 5, 9, '2018-08-19', 1, ''),
(283, 354, 2, 9, '2018-09-30', 2, ''),
(284, 230, 12, 9, '2018-06-11', 3, ''),
(285, 417, 8, 9, '2018-09-29', 4, ''),
(286, 310, 12, 9, '2018-07-26', 4, ''),
(287, 268, 5, 9, '2018-05-17', 5, ''),
(288, 242, 12, 9, '2018-09-24', 3, ''),
(289, 117, 6, 9, '2018-02-09', 5, ''),
(290, 454, 19, 9, '2018-01-30', 1, ''),
(291, 90, 4, 9, '2018-09-13', 3, ''),
(292, 358, 3, 9, '2017-11-25', 2, ''),
(293, 381, 13, 9, '2018-05-16', 3, ''),
(294, 310, 3, 9, '2017-12-08', 4, ''),
(295, 276, 4, 9, '2018-04-11', 2, ''),
(296, 403, 19, 9, '2017-11-17', 2, ''),
(297, 252, 15, 9, '2018-06-18', 2, ''),
(298, 498, 11, 9, '2018-08-06', 4, ''),
(299, 45, 18, 9, '2017-11-17', 5, ''),
(300, 480, 9, 9, '2018-03-29', 4, ''),
(301, 357, 17, 9, '2018-07-20', 1, ''),
(302, 215, 20, 9, '2017-12-24', 4, ''),
(303, 184, 18, 9, '2018-10-26', 5, ''),
(304, 183, 18, 9, '2018-10-25', 4, ''),
(305, 378, 10, 9, '2018-08-17', 2, ''),
(306, 6, 14, 9, '2018-07-25', 4, ''),
(307, 352, 17, 9, '2018-05-06', 2, ''),
(308, 204, 10, 9, '2017-11-19', 3, ''),
(309, 369, 10, 9, '2018-06-18', 4, ''),
(310, 264, 15, 9, '2018-07-08', 5, ''),
(311, 162, 1, 9, '2018-06-06', 5, ''),
(312, 324, 13, 9, '2018-03-02', 3, ''),
(313, 475, 20, 9, '2018-05-15', 2, ''),
(314, 431, 19, 9, '2018-08-08', 1, ''),
(315, 130, 3, 9, '2018-04-08', 5, ''),
(316, 14, 17, 9, '2018-05-08', 1, ''),
(317, 290, 4, 9, '2018-10-03', 4, ''),
(318, 128, 13, 9, '2018-02-17', 2, ''),
(319, 359, 7, 9, '2018-07-28', 3, ''),
(320, 39, 1, 9, '2018-01-14', 4, ''),
(321, 366, 12, 9, '2018-06-06', 3, ''),
(322, 327, 4, 9, '2018-10-22', 4, ''),
(323, 3, 2, 9, '2018-10-09', 3, ''),
(324, 149, 17, 9, '2018-07-01', 1, ''),
(325, 331, 6, 9, '2018-02-10', 2, ''),
(326, 258, 19, 9, '2018-08-17', 5, ''),
(327, 452, 13, 9, '2018-02-07', 3, ''),
(328, 69, 3, 9, '2018-07-26', 5, ''),
(329, 336, 11, 9, '2018-04-11', 3, ''),
(330, 472, 17, 9, '2018-01-13', 1, ''),
(331, 227, 13, 9, '2018-09-08', 1, ''),
(332, 279, 5, 9, '2018-02-15', 4, ''),
(333, 35, 3, 9, '2018-03-01', 2, ''),
(334, 80, 12, 9, '2018-03-10', 3, ''),
(335, 457, 13, 9, '2018-06-19', 1, ''),
(336, 481, 6, 9, '2018-05-03', 5, ''),
(337, 153, 19, 9, '2018-02-11', 3, ''),
(338, 423, 19, 9, '2018-10-12', 2, ''),
(339, 379, 5, 9, '2018-08-07', 5, ''),
(340, 351, 5, 9, '2018-02-10', 5, ''),
(341, 276, 6, 9, '2018-07-02', 1, ''),
(342, 187, 4, 9, '2017-12-30', 3, ''),
(343, 29, 10, 9, '2017-12-12', 2, ''),
(344, 475, 18, 9, '2018-06-05', 3, ''),
(345, 231, 19, 9, '2018-05-25', 2, ''),
(346, 354, 5, 9, '2018-07-08', 3, ''),
(347, 376, 8, 9, '2018-01-10', 4, ''),
(348, 443, 17, 9, '2018-03-10', 5, ''),
(349, 112, 10, 9, '2018-04-27', 2, ''),
(350, 403, 15, 9, '2018-08-09', 5, ''),
(351, 178, 3, 9, '2018-02-17', 5, ''),
(352, 152, 15, 9, '2018-10-21', 1, ''),
(353, 308, 20, 9, '2018-04-08', 5, ''),
(354, 181, 6, 9, '2018-09-12', 2, ''),
(355, 197, 9, 9, '2018-03-19', 1, ''),
(356, 479, 17, 9, '2018-02-03', 4, ''),
(357, 197, 4, 9, '2018-09-21', 3, ''),
(358, 290, 11, 9, '2017-11-16', 2, ''),
(359, 277, 13, 9, '2018-03-23', 4, ''),
(360, 456, 17, 9, '2018-08-16', 2, ''),
(361, 449, 10, 9, '2018-09-01', 4, ''),
(362, 71, 10, 9, '2018-08-16', 5, ''),
(363, 357, 20, 9, '2018-06-25', 2, ''),
(364, 71, 7, 9, '2018-01-25', 1, ''),
(365, 291, 11, 9, '2018-05-15', 2, ''),
(366, 126, 2, 9, '2018-07-13', 4, ''),
(367, 180, 7, 9, '2018-03-07', 2, ''),
(368, 151, 16, 9, '2018-10-09', 5, ''),
(369, 485, 13, 9, '2017-11-20', 5, ''),
(370, 394, 18, 9, '2018-03-06', 4, ''),
(371, 67, 9, 9, '2018-07-24', 4, ''),
(373, 456, 3, 9, '2018-02-11', 3, ''),
(374, 442, 10, 9, '2018-10-02', 3, ''),
(375, 93, 14, 9, '2017-12-04', 4, ''),
(376, 21, 17, 9, '2017-11-15', 1, ''),
(377, 4, 7, 9, '2017-12-14', 2, ''),
(378, 379, 11, 9, '2017-12-27', 5, ''),
(379, 172, 14, 9, '2018-06-10', 2, ''),
(380, 329, 12, 9, '2018-10-31', 5, ''),
(381, 371, 13, 9, '2018-09-11', 5, ''),
(382, 337, 2, 9, '2018-06-14', 3, ''),
(383, 91, 9, 9, '2018-04-14', 3, ''),
(384, 295, 5, 9, '2018-11-11', 2, ''),
(385, 75, 18, 9, '2018-01-20', 1, ''),
(386, 22, 10, 9, '2018-02-08', 1, ''),
(387, 402, 8, 9, '2018-07-24', 2, ''),
(388, 486, 13, 9, '2018-06-13', 2, ''),
(389, 338, 7, 9, '2018-04-27', 3, ''),
(390, 278, 3, 9, '2018-01-29', 2, ''),
(391, 365, 8, 9, '2018-09-03', 2, ''),
(392, 38, 7, 9, '2018-04-06', 2, ''),
(393, 216, 4, 9, '2017-11-20', 5, ''),
(394, 96, 20, 9, '2018-01-18', 3, ''),
(395, 227, 14, 9, '2018-08-30', 5, ''),
(396, 165, 8, 9, '2018-10-14', 5, ''),
(397, 349, 8, 9, '2018-01-20', 2, ''),
(398, 475, 16, 9, '2018-08-02', 5, ''),
(399, 42, 12, 9, '2018-08-02', 5, ''),
(400, 222, 19, 9, '2018-04-01', 4, ''),
(401, 289, 7, 9, '2018-11-14', 3, ''),
(402, 391, 14, 9, '2018-05-26', 3, ''),
(403, 65, 13, 9, '2018-11-12', 2, ''),
(404, 477, 16, 9, '2018-02-26', 5, ''),
(405, 94, 16, 9, '2018-09-29', 3, ''),
(406, 235, 3, 9, '2018-02-08', 3, ''),
(407, 184, 17, 9, '2018-08-11', 2, ''),
(408, 459, 20, 9, '2018-02-23', 3, ''),
(409, 51, 15, 9, '2018-03-04', 4, ''),
(410, 279, 19, 9, '2017-12-26', 3, ''),
(411, 432, 6, 9, '2018-10-18', 5, ''),
(412, 455, 12, 9, '2018-02-01', 1, ''),
(413, 28, 13, 9, '2018-02-14', 3, ''),
(414, 166, 2, 9, '2017-11-18', 2, ''),
(415, 354, 11, 9, '2018-01-24', 2, ''),
(416, 34, 9, 9, '2018-11-06', 1, ''),
(417, 159, 18, 9, '2018-05-10', 3, ''),
(418, 74, 6, 9, '2018-08-11', 3, ''),
(419, 20, 11, 9, '2018-05-04', 4, ''),
(420, 72, 6, 9, '2017-12-17', 3, ''),
(421, 1, 2, 9, '2018-05-21', 5, ''),
(422, 246, 10, 9, '2018-11-02', 2, ''),
(423, 397, 17, 9, '2018-10-21', 5, ''),
(424, 453, 8, 9, '2018-10-11', 1, ''),
(425, 321, 10, 9, '2018-11-01', 1, ''),
(426, 247, 19, 9, '2018-04-27', 5, ''),
(427, 253, 18, 9, '2018-02-25', 4, ''),
(428, 242, 11, 9, '2018-03-14', 3, ''),
(429, 35, 16, 9, '2017-12-16', 4, ''),
(430, 123, 16, 9, '2018-09-07', 5, ''),
(431, 76, 18, 9, '2018-04-19', 1, ''),
(432, 465, 14, 9, '2018-04-13', 1, ''),
(433, 389, 9, 9, '2018-01-03', 4, ''),
(434, 27, 10, 9, '2018-08-03', 1, ''),
(435, 1, 2, 9, '2018-09-18', 1, ''),
(436, 400, 14, 9, '2018-03-22', 5, ''),
(437, 152, 14, 9, '2017-11-18', 2, ''),
(438, 191, 1, 9, '2018-01-17', 4, ''),
(439, 419, 18, 9, '2018-01-28', 4, ''),
(440, 424, 3, 9, '2018-04-20', 2, ''),
(441, 148, 8, 9, '2018-02-19', 4, ''),
(442, 436, 10, 9, '2018-03-12', 3, ''),
(443, 298, 10, 9, '2018-02-28', 5, ''),
(444, 389, 1, 9, '2018-09-14', 3, ''),
(445, 470, 8, 9, '2018-09-14', 1, ''),
(446, 386, 8, 9, '2018-04-11', 1, ''),
(447, 4, 16, 9, '2018-02-19', 1, ''),
(448, 334, 6, 9, '2018-08-26', 2, ''),
(449, 105, 6, 9, '2018-06-12', 1, ''),
(450, 242, 12, 9, '2018-07-29', 2, ''),
(451, 243, 6, 9, '2017-11-28', 3, ''),
(452, 437, 13, 9, '2018-04-11', 3, ''),
(453, 295, 13, 9, '2018-05-04', 3, ''),
(454, 470, 5, 9, '2018-06-22', 2, ''),
(455, 22, 8, 9, '2018-07-10', 5, ''),
(456, 231, 8, 9, '2018-05-23', 2, ''),
(457, 298, 15, 9, '2017-12-10', 2, ''),
(458, 353, 7, 9, '2017-12-11', 1, ''),
(459, 279, 15, 9, '2018-09-25', 5, ''),
(460, 332, 18, 9, '2018-06-28', 3, ''),
(461, 105, 14, 9, '2018-11-14', 4, ''),
(462, 483, 9, 9, '2018-03-05', 1, ''),
(463, 313, 5, 9, '2018-04-10', 3, ''),
(464, 176, 6, 9, '2018-10-29', 5, ''),
(465, 42, 15, 9, '2018-02-25', 1, ''),
(466, 245, 4, 9, '2018-03-17', 1, ''),
(467, 190, 14, 9, '2018-04-23', 4, ''),
(468, 267, 18, 9, '2018-01-04', 5, ''),
(469, 444, 3, 9, '2018-02-16', 4, ''),
(470, 54, 8, 9, '2018-09-03', 1, ''),
(471, 208, 5, 9, '2018-10-14', 2, ''),
(472, 415, 18, 9, '2018-06-14', 5, ''),
(473, 327, 13, 9, '2018-04-17', 3, ''),
(474, 231, 16, 9, '2018-06-29', 5, ''),
(475, 10, 20, 9, '2018-01-16', 5, ''),
(476, 223, 2, 9, '2018-04-11', 4, ''),
(477, 351, 15, 9, '2018-05-28', 3, ''),
(478, 35, 7, 9, '2018-02-27', 5, ''),
(479, 320, 11, 9, '2018-01-25', 1, ''),
(480, 102, 5, 9, '2017-12-21', 4, ''),
(481, 161, 6, 9, '2017-11-29', 2, ''),
(482, 277, 4, 9, '2018-02-21', 5, ''),
(483, 481, 4, 9, '2018-04-05', 2, ''),
(484, 333, 15, 9, '2018-01-10', 4, ''),
(485, 7, 13, 9, '2018-11-12', 5, ''),
(486, 182, 8, 9, '2018-09-26', 2, ''),
(487, 100, 16, 9, '2018-04-02', 2, ''),
(488, 24, 20, 9, '2018-04-11', 5, ''),
(489, 153, 14, 9, '2018-03-09', 2, ''),
(490, 33, 19, 9, '2018-01-05', 2, ''),
(491, 160, 19, 9, '2018-09-10', 6, ''),
(492, 245, 13, 9, '2017-11-26', 2, ''),
(493, 72, 18, 9, '2018-01-20', 3, ''),
(494, 60, 11, 9, '2018-09-01', 5, ''),
(495, 479, 15, 9, '2018-07-18', 2, ''),
(496, 227, 4, 9, '2018-11-13', 5, ''),
(497, 298, 5, 9, '2018-05-11', 2, ''),
(498, 113, 8, 9, '2018-05-29', 2, ''),
(499, 106, 7, 9, '2018-01-15', 4, ''),
(500, 156, 1, 9, '2018-05-30', 4, ''),
(501, 129, 2, 9, '2018-05-27', 4, ''),
(502, 432, 20, 9, '2018-09-15', 4, ''),
(503, 453, 15, 9, '2018-01-26', 1, ''),
(504, 38, 4, 9, '2018-01-11', 1, ''),
(505, 86, 7, 9, '2018-02-28', 1, ''),
(506, 325, 9, 9, '2018-07-13', 1, ''),
(507, 232, 15, 9, '2018-02-27', 3, ''),
(508, 174, 3, 9, '2017-11-25', 2, ''),
(509, 466, 13, 9, '2018-02-08', 5, ''),
(510, 473, 7, 9, '2017-12-28', 2, ''),
(511, 389, 15, 9, '2017-12-08', 4, ''),
(512, 20, 10, 9, '2018-09-20', 2, ''),
(513, 209, 8, 9, '2017-12-09', 4, ''),
(514, 362, 20, 9, '2018-07-16', 2, ''),
(515, 173, 8, 9, '2018-03-06', 4, ''),
(516, 232, 6, 9, '2018-05-31', 5, ''),
(517, 78, 14, 9, '2018-04-23', 2, ''),
(518, 322, 11, 9, '2018-05-23', 5, ''),
(519, 221, 13, 9, '2018-04-27', 3, ''),
(520, 33, 8, 9, '2018-06-20', 5, ''),
(521, 444, 1, 9, '2018-07-13', 2, ''),
(522, 356, 8, 9, '2018-11-09', 1, ''),
(523, 357, 8, 9, '2018-01-01', 2, ''),
(524, 456, 17, 9, '2018-02-17', 2, ''),
(525, 241, 7, 9, '2018-07-02', 5, ''),
(526, 136, 2, 9, '2018-01-29', 5, ''),
(527, 84, 12, 9, '2018-01-08', 2, ''),
(528, 218, 3, 9, '2018-04-24', 5, ''),
(529, 285, 16, 9, '2018-06-02', 3, ''),
(530, 240, 10, 9, '2018-02-02', 3, ''),
(531, 496, 9, 9, '2018-09-10', 5, ''),
(532, 173, 12, 9, '2018-01-31', 5, ''),
(533, 59, 5, 9, '2018-08-22', 2, ''),
(534, 289, 20, 9, '2018-04-04', 4, ''),
(535, 346, 17, 9, '2017-12-02', 4, ''),
(536, 160, 16, 9, '2018-09-14', 5, ''),
(537, 100, 2, 9, '2018-04-11', 5, ''),
(538, 270, 19, 9, '2018-09-12', 1, ''),
(539, 384, 11, 9, '2018-10-22', 2, ''),
(540, 251, 3, 9, '2018-10-28', 2, ''),
(541, 216, 12, 9, '2018-03-11', 2, ''),
(542, 120, 1, 9, '2018-11-09', 5, ''),
(543, 148, 4, 9, '2018-10-31', 2, ''),
(544, 214, 13, 9, '2018-01-15', 2, ''),
(545, 433, 19, 9, '2018-09-23', 3, ''),
(546, 473, 18, 9, '2018-07-23', 4, ''),
(547, 89, 2, 9, '2017-11-19', 2, ''),
(548, 345, 5, 9, '2018-03-30', 1, ''),
(549, 271, 13, 9, '2017-12-24', 5, ''),
(550, 62, 1, 9, '2018-05-29', 3, ''),
(551, 174, 14, 9, '2018-04-03', 4, ''),
(552, 115, 15, 9, '2018-08-06', 2, ''),
(553, 307, 6, 9, '2018-02-13', 3, ''),
(554, 44, 18, 9, '2017-12-15', 4, ''),
(555, 435, 20, 9, '2017-12-27', 4, ''),
(556, 96, 14, 9, '2018-09-20', 4, ''),
(557, 13, 8, 9, '2018-09-19', 3, ''),
(558, 30, 12, 9, '2018-07-05', 4, ''),
(559, 450, 3, 9, '2018-05-15', 4, ''),
(560, 219, 15, 9, '2018-04-09', 4, ''),
(561, 132, 9, 9, '2018-06-06', 2, ''),
(562, 153, 8, 9, '2018-07-07', 1, ''),
(563, 257, 3, 9, '2017-11-26', 4, ''),
(564, 122, 5, 9, '2018-05-14', 1, ''),
(565, 125, 18, 9, '2018-03-04', 1, ''),
(566, 269, 15, 9, '2018-07-21', 4, ''),
(567, 412, 12, 9, '2018-09-03', 3, ''),
(568, 352, 8, 9, '2017-12-30', 3, ''),
(569, 375, 11, 9, '2018-11-02', 1, ''),
(570, 56, 4, 9, '2018-06-29', 2, ''),
(571, 269, 10, 9, '2018-05-18', 3, ''),
(572, 339, 17, 9, '2018-05-08', 3, ''),
(573, 391, 13, 9, '2018-09-19', 5, ''),
(574, 157, 7, 9, '2018-02-03', 1, ''),
(575, 75, 11, 9, '2018-02-14', 3, ''),
(576, 269, 8, 9, '2018-05-23', 2, ''),
(577, 53, 10, 9, '2018-05-17', 2, ''),
(578, 174, 15, 9, '2018-06-11', 5, ''),
(579, 369, 1, 9, '2018-02-11', 1, ''),
(580, 443, 2, 9, '2018-08-24', 4, ''),
(581, 332, 19, 9, '2017-11-16', 5, ''),
(582, 132, 2, 9, '2018-01-03', 2, ''),
(583, 201, 1, 9, '2017-12-05', 1, ''),
(584, 15, 7, 9, '2017-12-12', 1, ''),
(585, 13, 1, 9, '2018-11-07', 4, ''),
(586, 481, 7, 9, '2018-05-18', 4, ''),
(587, 431, 10, 9, '2018-02-23', 1, ''),
(588, 204, 20, 9, '2018-07-31', 5, ''),
(589, 95, 18, 9, '2018-05-05', 2, ''),
(590, 327, 8, 9, '2018-09-02', 2, ''),
(591, 142, 14, 9, '2018-03-14', 5, ''),
(592, 248, 11, 9, '2018-10-06', 1, ''),
(593, 347, 14, 9, '2018-02-28', 1, ''),
(594, 402, 5, 9, '2018-02-11', 3, ''),
(595, 137, 17, 9, '2017-12-12', 1, ''),
(596, 493, 14, 9, '2018-10-07', 4, ''),
(597, 28, 4, 9, '2018-08-21', 5, ''),
(598, 16, 7, 9, '2018-02-07', 4, ''),
(599, 400, 18, 9, '2017-11-25', 4, ''),
(600, 345, 6, 9, '2018-06-09', 1, ''),
(601, 184, 11, 9, '2018-05-22', 3, ''),
(602, 191, 9, 9, '2018-05-17', 1, ''),
(603, 119, 6, 9, '2018-03-28', 3, ''),
(604, 329, 1, 9, '2018-06-27', 2, ''),
(605, 452, 6, 9, '2018-09-15', 1, ''),
(606, 439, 16, 9, '2018-08-02', 1, ''),
(607, 351, 11, 9, '2018-06-17', 1, ''),
(608, 439, 15, 9, '2018-04-08', 4, ''),
(609, 194, 12, 9, '2018-02-03', 1, ''),
(610, 31, 4, 9, '2018-08-26', 1, ''),
(611, 325, 20, 9, '2018-04-20', 3, ''),
(612, 291, 8, 9, '2018-08-29', 1, ''),
(613, 385, 9, 9, '2018-09-14', 1, ''),
(614, 94, 12, 9, '2018-03-31', 4, ''),
(615, 368, 11, 9, '2017-12-18', 5, ''),
(616, 233, 6, 9, '2018-09-23', 2, ''),
(617, 319, 13, 9, '2018-07-18', 1, ''),
(618, 220, 3, 9, '2018-07-18', 5, ''),
(619, 227, 2, 9, '2018-10-17', 5, ''),
(620, 419, 18, 9, '2018-10-12', 5, ''),
(621, 388, 8, 9, '2018-07-02', 5, ''),
(622, 247, 18, 9, '2017-12-16', 1, ''),
(623, 193, 15, 9, '2018-02-26', 5, ''),
(624, 143, 18, 9, '2018-03-15', 2, ''),
(625, 429, 10, 9, '2017-12-20', 3, ''),
(626, 328, 16, 9, '2018-05-29', 2, ''),
(627, 350, 5, 9, '2018-05-02', 4, ''),
(628, 166, 11, 9, '2017-12-18', 1, ''),
(629, 230, 18, 9, '2018-05-10', 1, ''),
(630, 413, 11, 9, '2018-02-06', 4, ''),
(631, 217, 12, 9, '2018-03-21', 1, ''),
(632, 430, 7, 9, '2018-11-02', 3, ''),
(633, 128, 14, 9, '2018-07-11', 1, ''),
(634, 47, 15, 9, '2018-05-14', 2, ''),
(635, 6, 11, 9, '2018-09-06', 2, ''),
(636, 274, 3, 9, '2018-08-21', 5, ''),
(637, 332, 18, 9, '2017-11-20', 4, ''),
(638, 222, 9, 9, '2018-01-16', 1, ''),
(639, 206, 3, 9, '2018-10-20', 5, ''),
(640, 450, 6, 9, '2018-03-16', 3, ''),
(641, 149, 1, 9, '2018-01-27', 3, ''),
(642, 151, 16, 9, '2018-09-24', 3, ''),
(643, 13, 12, 9, '2018-05-14', 5, ''),
(644, 396, 3, 9, '2018-01-15', 4, ''),
(645, 162, 16, 9, '2018-04-09', 5, ''),
(646, 408, 9, 9, '2018-03-22', 5, ''),
(647, 230, 5, 9, '2018-04-10', 1, ''),
(648, 152, 12, 9, '2017-12-14', 5, ''),
(649, 157, 16, 9, '2018-04-20', 3, ''),
(650, 262, 12, 9, '2018-01-01', 1, ''),
(651, 477, 13, 9, '2018-03-30', 1, ''),
(652, 218, 11, 9, '2018-02-15', 4, ''),
(653, 143, 6, 9, '2018-06-29', 1, ''),
(654, 233, 15, 9, '2018-06-08', 2, ''),
(655, 222, 4, 9, '2018-04-27', 5, ''),
(656, 271, 7, 9, '2018-04-30', 2, ''),
(657, 54, 19, 9, '2017-12-05', 3, ''),
(658, 422, 12, 9, '2018-03-30', 1, ''),
(659, 181, 18, 9, '2018-06-13', 4, ''),
(660, 492, 18, 9, '2018-09-12', 1, ''),
(661, 104, 16, 9, '2018-06-28', 1, ''),
(662, 439, 17, 9, '2018-01-24', 2, ''),
(663, 185, 17, 9, '2018-03-09', 3, ''),
(664, 16, 20, 9, '2018-10-31', 1, ''),
(665, 498, 12, 9, '2018-09-28', 3, ''),
(666, 448, 16, 9, '2018-04-20', 4, ''),
(667, 50, 10, 9, '2018-08-31', 1, ''),
(668, 272, 19, 9, '2018-06-24', 2, ''),
(669, 317, 5, 9, '2018-11-08', 3, ''),
(670, 387, 16, 9, '2018-02-27', 5, ''),
(671, 401, 3, 9, '2018-07-28', 4, ''),
(672, 176, 1, 9, '2018-06-20', 1, ''),
(673, 118, 6, 9, '2017-12-08', 4, ''),
(674, 347, 14, 9, '2017-12-29', 4, ''),
(675, 108, 17, 9, '2018-08-30', 4, ''),
(676, 478, 17, 9, '2017-12-11', 1, ''),
(677, 132, 18, 9, '2018-10-25', 1, ''),
(678, 442, 8, 9, '2018-07-18', 1, ''),
(679, 222, 6, 9, '2018-11-04', 5, ''),
(680, 50, 3, 9, '2018-06-06', 1, ''),
(681, 79, 4, 9, '2018-09-06', 3, ''),
(682, 355, 6, 9, '2018-03-28', 1, ''),
(683, 381, 7, 9, '2018-08-19', 4, ''),
(684, 280, 10, 9, '2018-09-22', 3, ''),
(685, 6, 9, 9, '2018-07-21', 4, ''),
(686, 196, 19, 9, '2018-05-19', 5, ''),
(687, 475, 12, 9, '2017-12-24', 5, ''),
(688, 93, 10, 9, '2018-07-15', 1, ''),
(689, 118, 3, 9, '2018-10-06', 1, ''),
(690, 161, 11, 9, '2018-01-03', 5, ''),
(691, 446, 3, 9, '2018-03-05', 3, ''),
(692, 408, 8, 9, '2018-11-02', 2, ''),
(693, 51, 5, 9, '2018-09-26', 2, ''),
(694, 384, 18, 9, '2018-11-07', 5, ''),
(695, 135, 6, 9, '2018-01-22', 2, ''),
(696, 452, 5, 9, '2018-07-25', 1, ''),
(697, 52, 15, 9, '2018-01-07', 4, ''),
(698, 498, 18, 9, '2018-06-30', 4, ''),
(699, 114, 19, 9, '2018-04-03', 2, ''),
(700, 17, 18, 9, '2018-08-19', 2, ''),
(701, 470, 20, 9, '2018-04-21', 2, ''),
(702, 83, 3, 9, '2018-05-08', 3, ''),
(703, 287, 20, 9, '2018-06-02', 3, ''),
(704, 387, 4, 9, '2018-04-07', 3, ''),
(705, 473, 6, 9, '2018-02-05', 4, ''),
(706, 221, 18, 9, '2018-02-13', 1, ''),
(707, 379, 3, 9, '2018-08-17', 2, ''),
(708, 108, 1, 9, '2018-02-20', 1, ''),
(709, 242, 8, 9, '2018-06-19', 2, ''),
(710, 288, 8, 9, '2018-03-05', 5, ''),
(711, 493, 4, 9, '2018-10-08', 1, ''),
(712, 154, 11, 9, '2018-01-28', 1, ''),
(713, 251, 6, 9, '2018-06-27', 4, ''),
(714, 151, 10, 9, '2018-05-09', 4, ''),
(715, 314, 16, 9, '2017-12-03', 4, ''),
(716, 352, 2, 9, '2018-05-20', 4, ''),
(717, 367, 6, 9, '2018-08-05', 5, ''),
(718, 72, 3, 9, '2018-09-07', 4, ''),
(719, 335, 16, 9, '2018-06-18', 2, ''),
(720, 11, 8, 9, '2018-01-16', 3, ''),
(721, 311, 11, 9, '2017-12-28', 3, ''),
(722, 277, 18, 9, '2018-10-25', 5, ''),
(723, 273, 14, 9, '2018-03-19', 2, ''),
(724, 174, 12, 9, '2018-02-21', 4, ''),
(725, 233, 12, 9, '2018-02-20', 3, ''),
(726, 100, 2, 9, '2018-11-10', 2, ''),
(727, 289, 14, 9, '2018-07-06', 1, ''),
(728, 128, 16, 9, '2018-03-10', 2, ''),
(729, 28, 15, 9, '2018-05-19', 2, ''),
(730, 363, 10, 9, '2018-07-22', 1, ''),
(731, 191, 5, 9, '2017-11-17', 5, ''),
(732, 242, 5, 9, '2018-09-10', 5, ''),
(733, 193, 16, 9, '2018-02-06', 2, ''),
(734, 484, 17, 9, '2018-04-27', 2, ''),
(735, 439, 3, 9, '2018-07-12', 4, ''),
(736, 389, 20, 9, '2018-03-29', 2, ''),
(737, 490, 8, 9, '2018-07-08', 4, ''),
(738, 282, 3, 9, '2018-01-18', 3, ''),
(739, 328, 9, 9, '2018-05-04', 2, ''),
(740, 447, 5, 9, '2018-05-13', 3, ''),
(741, 220, 6, 9, '2018-01-28', 5, ''),
(742, 135, 9, 9, '2018-10-09', 3, ''),
(743, 122, 12, 9, '2017-11-22', 3, ''),
(744, 420, 16, 9, '2018-10-18', 1, ''),
(745, 382, 8, 9, '2018-11-04', 4, ''),
(746, 162, 8, 9, '2017-12-04', 1, ''),
(747, 428, 16, 9, '2018-06-15', 3, ''),
(748, 37, 12, 9, '2018-03-22', 1, ''),
(749, 200, 3, 9, '2018-09-19', 2, ''),
(750, 182, 3, 9, '2017-12-11', 2, ''),
(751, 176, 5, 9, '2018-07-11', 5, ''),
(752, 440, 18, 9, '2018-09-26', 4, ''),
(753, 441, 4, 9, '2017-12-06', 2, ''),
(754, 331, 14, 9, '2018-04-25', 3, ''),
(755, 253, 16, 9, '2018-09-05', 4, ''),
(756, 150, 5, 9, '2018-01-10', 2, ''),
(757, 235, 20, 9, '2018-03-29', 4, ''),
(758, 221, 8, 9, '2018-01-04', 3, ''),
(759, 52, 10, 9, '2018-09-05', 4, ''),
(760, 447, 10, 9, '2018-10-08', 2, ''),
(761, 239, 15, 9, '2018-06-20', 2, ''),
(762, 254, 18, 9, '2018-08-25', 1, ''),
(763, 149, 13, 9, '2018-05-02', 3, ''),
(764, 30, 4, 9, '2018-08-15', 4, ''),
(765, 359, 7, 9, '2018-09-15', 1, ''),
(766, 319, 18, 9, '2018-04-14', 5, ''),
(767, 287, 19, 9, '2018-09-02', 2, ''),
(768, 15, 5, 9, '2018-09-25', 4, ''),
(769, 322, 10, 9, '2018-07-23', 1, ''),
(770, 304, 9, 9, '2018-01-09', 4, ''),
(771, 3, 3, 9, '2017-12-30', 1, ''),
(772, 142, 13, 9, '2017-12-23', 2, ''),
(773, 225, 19, 9, '2017-12-06', 2, ''),
(774, 361, 10, 9, '2018-04-25', 1, ''),
(775, 50, 19, 9, '2018-04-21', 5, ''),
(776, 311, 3, 9, '2018-06-14', 4, ''),
(777, 91, 3, 9, '2017-12-02', 1, ''),
(778, 307, 12, 9, '2018-05-24', 4, ''),
(779, 45, 11, 9, '2018-08-07', 1, ''),
(780, 184, 9, 9, '2018-11-02', 4, ''),
(781, 275, 18, 9, '2017-11-30', 5, ''),
(782, 414, 5, 9, '2018-04-30', 5, ''),
(783, 152, 19, 9, '2018-09-24', 4, ''),
(784, 416, 3, 9, '2018-07-16', 4, ''),
(785, 87, 18, 9, '2017-12-08', 2, ''),
(786, 86, 17, 9, '2018-09-20', 4, ''),
(787, 451, 15, 9, '2018-01-23', 5, ''),
(788, 11, 16, 9, '2018-04-03', 2, ''),
(789, 33, 12, 9, '2018-08-15', 3, ''),
(790, 53, 16, 9, '2018-11-04', 5, ''),
(791, 168, 9, 9, '2018-04-18', 2, ''),
(792, 106, 13, 9, '2017-12-05', 1, ''),
(793, 500, 19, 9, '2018-03-06', 2, ''),
(794, 230, 11, 9, '2018-07-17', 1, ''),
(795, 303, 3, 9, '2018-05-20', 1, ''),
(796, 386, 9, 9, '2018-07-09', 1, ''),
(797, 360, 4, 9, '2018-01-26', 3, ''),
(798, 189, 19, 9, '2018-02-09', 3, ''),
(799, 327, 20, 9, '2018-10-17', 5, ''),
(800, 171, 4, 9, '2018-04-01', 1, ''),
(801, 422, 9, 9, '2017-12-20', 1, ''),
(802, 474, 1, 9, '2018-01-27', 1, ''),
(803, 290, 3, 9, '2017-12-13', 4, ''),
(804, 98, 13, 9, '2017-12-27', 3, ''),
(805, 264, 16, 9, '2018-02-04', 5, ''),
(806, 271, 10, 9, '2018-02-06', 2, ''),
(807, 269, 18, 9, '2018-11-08', 2, ''),
(808, 130, 6, 9, '2017-12-05', 2, ''),
(810, 402, 1, 9, '2018-02-28', 1, ''),
(811, 188, 9, 9, '2018-06-02', 1, ''),
(812, 305, 18, 9, '2018-10-09', 2, ''),
(813, 270, 18, 9, '2018-09-26', 4, ''),
(814, 460, 10, 9, '2018-01-20', 1, ''),
(815, 55, 20, 9, '2018-08-18', 3, ''),
(816, 297, 19, 9, '2018-07-30', 1, ''),
(817, 204, 20, 9, '2018-04-17', 5, ''),
(818, 28, 7, 9, '2018-10-14', 4, ''),
(819, 25, 11, 9, '2018-01-24', 1, ''),
(820, 278, 3, 9, '2018-03-09', 5, ''),
(821, 25, 7, 9, '2017-12-14', 3, ''),
(822, 129, 1, 9, '2018-07-29', 5, ''),
(823, 1, 14, 9, '2018-08-02', 3, ''),
(824, 191, 9, 9, '2018-03-15', 1, ''),
(825, 398, 1, 9, '2018-06-14', 3, ''),
(826, 263, 1, 9, '2018-02-07', 3, ''),
(827, 487, 13, 9, '2017-12-17', 3, ''),
(828, 183, 5, 9, '2018-02-24', 1, ''),
(829, 180, 16, 9, '2018-02-24', 3, ''),
(830, 148, 1, 9, '2018-03-12', 4, ''),
(831, 220, 19, 9, '2018-01-18', 5, ''),
(832, 320, 12, 9, '2018-08-04', 1, ''),
(833, 81, 11, 9, '2018-09-08', 4, ''),
(834, 82, 15, 9, '2018-08-24', 1, ''),
(835, 473, 19, 9, '2018-11-09', 4, ''),
(836, 18, 20, 9, '2018-03-30', 5, ''),
(837, 246, 6, 9, '2018-01-08', 1, ''),
(838, 184, 16, 9, '2018-06-13', 2, ''),
(839, 85, 13, 9, '2018-05-04', 1, ''),
(840, 100, 18, 9, '2018-11-13', 5, ''),
(841, 344, 4, 9, '2018-06-02', 5, ''),
(842, 399, 16, 9, '2018-06-02', 3, ''),
(843, 420, 6, 9, '2018-04-25', 4, ''),
(844, 34, 6, 9, '2018-02-17', 1, ''),
(845, 343, 9, 9, '2018-02-02', 3, ''),
(846, 108, 1, 9, '2018-08-25', 2, ''),
(847, 242, 12, 9, '2018-06-23', 4, ''),
(848, 155, 18, 9, '2018-02-25', 3, ''),
(849, 323, 6, 9, '2018-08-20', 4, ''),
(850, 267, 17, 9, '2018-08-02', 5, ''),
(851, 349, 1, 9, '2018-03-30', 3, ''),
(852, 371, 1, 9, '2018-05-17', 3, ''),
(853, 367, 5, 9, '2018-03-15', 4, ''),
(854, 335, 4, 9, '2018-05-25', 4, ''),
(855, 429, 11, 9, '2018-07-12', 5, ''),
(856, 490, 2, 9, '2017-12-23', 5, ''),
(857, 174, 12, 9, '2018-03-13', 4, ''),
(858, 363, 5, 9, '2018-03-15', 1, ''),
(859, 82, 13, 9, '2018-02-02', 1, ''),
(860, 162, 14, 9, '2018-07-27', 3, ''),
(861, 266, 4, 9, '2018-01-07', 1, ''),
(862, 205, 20, 9, '2018-07-25', 3, ''),
(863, 307, 10, 9, '2018-02-07', 4, ''),
(864, 72, 3, 9, '2017-12-23', 3, ''),
(865, 45, 17, 9, '2018-09-06', 5, ''),
(866, 96, 19, 9, '2018-09-06', 5, ''),
(867, 217, 8, 9, '2018-05-01', 5, ''),
(868, 474, 19, 9, '2017-12-30', 1, ''),
(869, 458, 7, 9, '2018-07-10', 4, ''),
(870, 296, 4, 9, '2018-08-20', 3, ''),
(871, 262, 4, 9, '2018-02-27', 2, ''),
(872, 151, 8, 9, '2018-05-16', 3, ''),
(873, 292, 8, 9, '2018-01-29', 3, ''),
(874, 112, 18, 9, '2018-04-01', 5, ''),
(875, 493, 2, 9, '2018-05-09', 2, ''),
(876, 298, 10, 9, '2018-02-17', 1, ''),
(877, 465, 19, 9, '2018-03-22', 4, ''),
(878, 197, 4, 9, '2018-02-06', 1, ''),
(879, 493, 15, 9, '2018-01-26', 5, ''),
(880, 212, 2, 9, '2018-01-08', 3, ''),
(881, 57, 7, 9, '2018-02-10', 3, ''),
(882, 375, 16, 9, '2018-03-16', 1, ''),
(883, 250, 16, 9, '2018-10-02', 1, ''),
(884, 404, 19, 9, '2018-07-29', 5, ''),
(885, 93, 3, 9, '2018-09-03', 5, ''),
(886, 148, 20, 9, '2018-03-31', 5, ''),
(887, 425, 20, 9, '2018-10-16', 5, ''),
(888, 357, 2, 9, '2018-10-18', 2, ''),
(889, 478, 15, 9, '2018-07-15', 3, ''),
(890, 375, 18, 9, '2018-07-29', 3, ''),
(891, 5, 9, 9, '2017-11-28', 3, ''),
(892, 486, 2, 9, '2018-08-13', 4, ''),
(893, 27, 16, 9, '2018-10-23', 3, ''),
(894, 32, 18, 9, '2018-08-20', 3, ''),
(895, 95, 15, 9, '2018-10-29', 5, ''),
(896, 189, 7, 9, '2017-12-30', 3, ''),
(897, 364, 7, 9, '2018-01-04', 2, ''),
(898, 41, 17, 9, '2018-03-11', 4, ''),
(899, 121, 18, 9, '2018-04-17', 2, ''),
(900, 99, 1, 9, '2018-04-18', 3, ''),
(901, 361, 18, 9, '2018-01-09', 1, ''),
(902, 276, 7, 9, '2018-10-10', 4, ''),
(903, 81, 15, 9, '2018-07-27', 2, ''),
(904, 324, 19, 9, '2018-04-18', 5, ''),
(905, 9, 20, 9, '2018-03-25', 3, ''),
(906, 123, 7, 9, '2018-03-23', 1, ''),
(907, 57, 12, 9, '2018-09-01', 4, ''),
(908, 103, 10, 9, '2018-05-29', 1, ''),
(909, 164, 10, 9, '2018-08-27', 4, ''),
(910, 9, 16, 9, '2018-01-14', 5, ''),
(911, 449, 2, 9, '2018-11-04', 2, ''),
(912, 260, 18, 9, '2018-08-01', 1, ''),
(913, 92, 11, 9, '2018-06-13', 2, ''),
(914, 191, 3, 9, '2018-05-15', 1, ''),
(915, 80, 7, 9, '2018-10-29', 3, ''),
(916, 40, 7, 9, '2018-08-27', 4, ''),
(917, 350, 16, 9, '2018-03-31', 1, ''),
(918, 223, 11, 9, '2018-03-21', 4, ''),
(919, 119, 3, 9, '2018-09-05', 1, ''),
(920, 304, 5, 9, '2018-08-16', 5, ''),
(921, 453, 6, 9, '2018-05-16', 3, ''),
(922, 85, 2, 9, '2018-09-03', 4, ''),
(923, 88, 1, 9, '2018-07-26', 5, ''),
(924, 77, 19, 9, '2017-11-19', 1, ''),
(925, 427, 1, 9, '2017-12-08', 2, ''),
(926, 349, 19, 9, '2018-03-04', 1, ''),
(927, 244, 11, 9, '2018-05-17', 5, ''),
(928, 248, 16, 9, '2018-10-24', 2, ''),
(929, 338, 10, 9, '2018-05-15', 5, ''),
(930, 323, 20, 9, '2018-10-04', 1, ''),
(931, 277, 1, 9, '2017-12-16', 4, ''),
(932, 12, 2, 9, '2018-06-10', 3, ''),
(933, 489, 15, 9, '2018-04-22', 3, ''),
(934, 495, 10, 9, '2018-02-01', 1, ''),
(935, 283, 1, 9, '2018-04-26', 5, ''),
(936, 162, 16, 9, '2018-10-05', 3, ''),
(937, 173, 9, 9, '2018-07-21', 1, ''),
(938, 178, 15, 9, '2018-05-18', 5, ''),
(939, 234, 3, 9, '2017-12-30', 2, ''),
(940, 58, 14, 9, '2018-06-20', 1, ''),
(941, 6, 10, 9, '2018-08-13', 2, ''),
(942, 204, 17, 9, '2017-12-13', 1, ''),
(943, 192, 2, 9, '2018-08-11', 2, ''),
(944, 282, 7, 9, '2018-05-05', 1, ''),
(945, 32, 12, 9, '2018-06-22', 3, ''),
(946, 368, 13, 9, '2018-11-01', 2, ''),
(947, 238, 14, 9, '2017-12-09', 4, ''),
(948, 288, 9, 9, '2018-03-07', 4, ''),
(949, 6, 15, 9, '2018-06-04', 1, ''),
(950, 348, 3, 9, '2018-03-08', 4, ''),
(951, 131, 3, 9, '2018-07-16', 1, ''),
(952, 302, 16, 9, '2018-07-28', 1, ''),
(953, 46, 3, 9, '2018-03-05', 2, ''),
(954, 219, 13, 9, '2018-06-21', 5, ''),
(955, 446, 17, 9, '2018-01-06', 3, ''),
(956, 72, 18, 9, '2018-07-12', 1, ''),
(957, 390, 2, 9, '2018-03-30', 1, ''),
(958, 382, 7, 9, '2018-04-08', 1, ''),
(959, 172, 10, 9, '2018-08-13', 4, ''),
(960, 69, 19, 9, '2018-02-18', 2, ''),
(961, 278, 15, 9, '2017-12-07', 2, ''),
(963, 18, 7, 9, '2017-11-27', 2, ''),
(964, 204, 7, 9, '2018-04-01', 3, ''),
(965, 366, 2, 9, '2018-03-16', 2, ''),
(966, 416, 9, 9, '2018-03-28', 1, ''),
(967, 205, 20, 9, '2018-11-12', 3, ''),
(968, 77, 7, 9, '2018-02-28', 2, ''),
(969, 281, 4, 9, '2018-10-02', 2, ''),
(970, 295, 14, 9, '2018-02-13', 2, ''),
(971, 215, 12, 9, '2018-10-18', 1, ''),
(972, 159, 7, 9, '2018-09-13', 3, ''),
(973, 431, 15, 9, '2017-12-10', 4, ''),
(974, 27, 6, 9, '2017-12-11', 2, ''),
(975, 74, 6, 9, '2018-08-16', 2, ''),
(976, 82, 11, 9, '2018-02-25', 5, ''),
(977, 68, 6, 9, '2018-06-26', 4, ''),
(978, 437, 1, 9, '2018-07-28', 3, ''),
(979, 118, 14, 9, '2018-07-27', 4, ''),
(980, 292, 18, 9, '2018-09-23', 2, ''),
(981, 172, 18, 9, '2018-07-08', 3, ''),
(982, 92, 14, 9, '2017-11-20', 4, ''),
(983, 162, 12, 9, '2018-07-30', 4, ''),
(984, 74, 13, 9, '2018-07-15', 5, ''),
(985, 32, 16, 9, '2018-09-28', 2, ''),
(986, 166, 13, 9, '2018-02-21', 1, ''),
(987, 488, 5, 9, '2018-01-13', 1, ''),
(988, 72, 3, 9, '2017-12-19', 2, ''),
(989, 323, 12, 9, '2018-03-26', 5, ''),
(990, 375, 8, 9, '2018-01-24', 1, ''),
(991, 240, 2, 9, '2018-10-11', 2, ''),
(992, 376, 18, 9, '2018-10-16', 1, ''),
(993, 351, 12, 9, '2018-09-20', 3, ''),
(994, 285, 19, 9, '2018-10-03', 1, ''),
(995, 371, 3, 9, '2018-05-17', 1, ''),
(996, 362, 4, 9, '2018-01-28', 1, ''),
(997, 375, 1, 9, '2018-10-19', 3, ''),
(998, 410, 4, 9, '2018-07-30', 1, ''),
(999, 109, 2, 9, '2018-02-27', 3, ''),
(1000, 93, 18, 9, '2017-12-09', 4, ''),
(1005, 332, 19, 9, '2018-11-16', 1, 'dqsdqsqs'),
(1006, 195, 1, 9, '2018-11-16', 1, ''),
(1007, 33, 16, 9, '2018-11-16', 3, ''),
(1008, 37, 9, 9, '2018-11-16', 5, '');

-- --------------------------------------------------------

--
-- Structure de la table `users`
--

CREATE TABLE `users` (
  `id` int(11) NOT NULL,
  `users_username` varchar(255) NOT NULL,
  `users_password` varchar(255) NOT NULL,
  `users_active` int(1) NOT NULL,
  `users_type` int(1) NOT NULL,
  `users_classe` int(11) NOT NULL,
  `users_name` text NOT NULL,
  `users_surname` text NOT NULL,
  `users_adress` text NOT NULL,
  `users_cp` int(11) NOT NULL,
  `users_city` text NOT NULL,
  `users_email` varchar(255) NOT NULL,
  `users_add_date` datetime NOT NULL DEFAULT CURRENT_TIMESTAMP,
  `users_avatar` text NOT NULL,
  `users_aboutme` varchar(2048) NOT NULL
) ENGINE=InnoDB DEFAULT CHARSET=utf8;

--
-- Déchargement des données de la table `users`
--

INSERT INTO `users` (`id`, `users_username`, `users_password`, `users_active`, `users_type`, `users_classe`, `users_name`, `users_surname`, `users_adress`, `users_cp`, `users_city`, `users_email`, `users_add_date`, `users_avatar`, `users_aboutme`) VALUES
(8, 'tomdelalbre', '$2y$10$MvXgFvCMXI0/Abn/42jERuSeXodzcLMxoWpOmhkOrXidk0T0dAFae', 0, 2, 1, 'delalbre', 'thomas', 'aaa', 33000, 'bordeaux', 'thomas.delalbre@gmail.com', '2019-02-06 15:01:13', 'images/profile.jpg', ''),
(9, 'tomtom', '$2y$10$MvXgFvCMXI0/Abn/42jERuSeXodzcLMxoWpOmhkOrXidk0T0dAFae', 1, 2, 1, 'delalbre', 'Tom', 'aaa', 33000, 'Bordeaux', 'thomas.delalbre@gmail.com', '2019-02-06 15:13:05', 'images/profile.jpg', 'Petit à propos sur ma life!                                                                                                                                                                                                                                                                                                   '),
(11, 'bsaverya', '9fxQNLUnAxM', 1, 1, 1, 'Savery', 'Bobbye', '65657 Kinsman Drive', 73240, 'Mīrpur Sakro', 'bsaverya@cbslocal.com', '2019-06-07 00:00:00', 'http://dummyimage.com/247x131.jpg/cc0000/ffffff', ''),
(12, 'doliveirab', 'eg52THhXo', 1, 1, 1, 'Oliveira', 'Dalli', '21778 Veith Hill', 3002, 'Jocotenango', 'doliveirab@icq.com', '2019-11-20 00:00:00', 'http://dummyimage.com/167x169.jpg/ff4444/ffffff', ''),
(17, 'epalmbyg', 'PIsZ0cCBiqoo', 1, 1, 1, 'Palmby', 'Evangelia', '19 Clemons Point', 784, 'Červenka', 'epalmbyg@miitbeian.gov.cn', '2019-11-12 00:00:00', 'http://dummyimage.com/147x227.jpg/cc0000/ffffff', ''),
(21, 'dchisholmek', 'P96zJRdMs', 1, 1, 1, 'Chisholme', 'Debor', '122 Summer Ridge Junction', 655138, 'Chernogorsk', 'dchisholmek@webeden.co.uk', '2019-07-22 00:00:00', 'http://dummyimage.com/102x225.jpg/ff4444/ffffff', ''),
(22, 'kwraxalll', 'VZo5W3', 1, 1, 1, 'Wraxall', 'Kimble', '142 Talmadge Road', 142143, 'Il’inskiy', 'kwraxalll@yelp.com', '2019-07-13 00:00:00', 'http://dummyimage.com/157x147.jpg/ff4444/ffffff', ''),
(23, 'rnovism', 'pehN1RU', 1, 1, 1, 'Novis', 'Russell', '8250 Buhler Hill', 633104, 'Ob’', 'rnovism@google.com.br', '2019-03-23 00:00:00', 'http://dummyimage.com/166x248.jpg/5fa2dd/ffffff', ''),
(25, 'tmcmechano', 'bJbfRjLc', 1, 1, 1, 'Mc Mechan', 'Tully', '3 Briar Crest Lane', 533, 'Sezemice', 'tmcmechano@yahoo.co.jp', '2019-09-19 00:00:00', 'http://dummyimage.com/250x167.jpg/dddddd/000000', ''),
(27, 'mfellonaq', '$2y$10$MvXgFvCMXI0/Abn/42jERuSeXodzcLMxoWpOmhkOrXidk0T0dAFae', 1, 1, 1, 'Fellona', 'Moses', '45283 Marquette Parkway', 2705, 'Odrinhas', 'mfellonaq@discuz.net', '2019-08-15 00:00:00', 'http://dummyimage.com/135x196.jpg/ff4444/ffffff', ''),
(28, 'garkinr', 'JEUEVzdZ', 1, 1, 1, 'Arkin', 'Goddard', '6150 Hoard Hill', 43211, 'Predavac', 'garkinr@t.co', '2019-07-31 00:00:00', 'http://dummyimage.com/139x206.jpg/ff4444/ffffff', ''),
(30, 'cborwickt', 'aNll6NuE5mtE', 1, 1, 1, 'Borwick', 'Cirstoforo', '59164 Fisk Plaza', 0, 'Penticton', 'cborwickt@mozilla.com', '2019-11-06 00:00:00', 'http://dummyimage.com/122x136.jpg/dddddd/000000', ''),
(31, 'ystearleyu', 'HNC9Tc2luG', 1, 1, 1, 'Stearley', 'Yelena', '145 Ridgeway Drive', 393925, 'Zheleznodorozhnyy', 'ystearleyu@ovh.net', '2019-10-08 00:00:00', 'http://dummyimage.com/197x121.jpg/5fa2dd/ffffff', ''),
(32, 'drawllv', '7Lxg5XDxynkH', 1, 1, 1, 'Rawll', 'Daron', '53 Carey Circle', 82028, 'Baranoa', 'drawllv@sohu.com', '2019-09-06 00:00:00', 'http://dummyimage.com/220x162.jpg/cc0000/ffffff', ''),
(33, 'araistrickw', 't3DVMhfQNf1', 1, 1, 1, 'Raistrick', 'Adorne', '30 Debs Junction', 5609, 'Union', 'araistrickw@cdc.gov', '2019-06-03 00:00:00', 'http://dummyimage.com/207x219.jpg/dddddd/000000', ''),
(34, 'gkrausex', 'KS1YBRX0Q00', 1, 1, 1, 'Krause', 'Gilburt', '69396 Comanche Park', 25590, 'Kuantan', 'gkrausex@umn.edu', '2019-12-03 00:00:00', 'http://dummyimage.com/180x163.jpg/ff4444/ffffff', ''),
(35, 'fcherny', 'x0xKdqaDU6', 1, 1, 1, 'Chern', 'Fey', '1269 Algoma Road', 45911, 'Orléans', 'fcherny@1688.com', '2019-03-19 00:00:00', 'http://dummyimage.com/193x158.jpg/dddddd/000000', ''),
(39, 'dcay12', 'u8KBYXrO5', 1, 1, 1, 'Cay', 'Dominik', '1 Mcbride Center', 91117, 'Pasadena', 'dcay12@list-manage.com', '2019-06-24 00:00:00', 'http://dummyimage.com/119x232.jpg/5fa2dd/ffffff', ''),
(41, 'kheinschke14', 'hw5JTeXiazaU', 1, 1, 1, 'Heinschke', 'Kurt', '10 Goodland Place', 21001, 'Trakai', 'kheinschke14@mit.edu', '2019-11-23 00:00:00', 'http://dummyimage.com/134x122.jpg/ff4444/ffffff', ''),
(44, 'mdanzey17', 'HF00mk00IWMe', 1, 1, 1, 'Danzey', 'Merridie', '17760 Kenwood Street', 663, 'Hammarö', 'mdanzey17@ustream.tv', '2019-11-16 00:00:00', 'http://dummyimage.com/203x173.jpg/cc0000/ffffff', ''),
(47, 'afroschauer1a', '6sosL1', 1, 1, 1, 'Froschauer', 'Any', '4 Cherokee Terrace', 44220, 'Saubara', 'afroschauer1a@oracle.com', '2019-02-26 00:00:00', 'http://dummyimage.com/154x201.jpg/dddddd/000000', ''),
(51, 'mphilipson1e', 'LPbtm76k', 1, 1, 1, 'Philipson', 'Mariana', '8 Kenwood Trail', 6405, 'Molde', 'mphilipson1e@myspace.com', '2019-03-18 00:00:00', 'http://dummyimage.com/238x221.jpg/ff4444/ffffff', ''),
(53, 'tdohmer1g', 'VijZZrP', 1, 2, 1, 'Dohmer', 'Teriann', '4858 Bultman Point', 87326, 'Lazaro Cardenas', 'tdohmer1g@feedburner.com', '2019-07-04 00:00:00', 'http://dummyimage.com/212x167.jpg/dddddd/000000', ''),
(56, 'lmossop1j', 'a2nBKTv', 1, 2, 1, 'Mossop', 'Lizbeth', '248 Lakewood Gardens Plaza', 790, 'Javorník', 'lmossop1j@smugmug.com', '2019-03-10 00:00:00', 'http://dummyimage.com/100x146.jpg/dddddd/000000', ''),
(59, 'lferrieri1m', 'saaqqX8j2i9c', 1, 1, 1, 'Ferrieri', 'Leoine', '7 Old Shore Center', 13382, 'Marseille', 'lferrieri1m@psu.edu', '2019-08-20 00:00:00', 'http://dummyimage.com/142x154.jpg/ff4444/ffffff', ''),
(60, 'cfarry1n', 'c0SkiJYk2bs5', 1, 1, 1, 'Farry', 'Conn', '8 Talmadge Hill', 7010, 'Mabuhay', 'cfarry1n@gizmodo.com', '2019-10-11 00:00:00', 'http://dummyimage.com/133x150.jpg/5fa2dd/ffffff', ''),
(61, 'tanten1o', 'r1bFlEh', 1, 1, 1, 'Anten', 'Thomasa', '5 Graceland Point', 9810, 'Bagumbayan', 'tanten1o@cdbaby.com', '2019-09-09 00:00:00', 'http://dummyimage.com/157x128.jpg/ff4444/ffffff', ''),
(62, 'kjewsbury1p', 'Yamz1O', 1, 1, 1, 'Jewsbury', 'Kristyn', '320 Little Fleur Center', 4630, 'Marco de Canaveses', 'kjewsbury1p@unc.edu', '2019-04-18 00:00:00', 'http://dummyimage.com/242x236.jpg/5fa2dd/ffffff', ''),
(63, 'mbottrell1q', 'vumoMxaZs', 1, 1, 1, 'Bottrell', 'Meryl', '8 Arkansas Street', 33000, 'Ar Rass', 'mbottrell1q@nytimes.com', '2019-08-10 00:00:00', 'http://dummyimage.com/184x173.jpg/dddddd/000000', ''),
(64, 'cboud1r', 'WaGqO3IvEI', 1, 1, 1, 'Boud', 'Colan', '9249 Bowman Street', 33000, 'Penang', 'cboud1r@webmd.com', '2019-10-05 00:00:00', 'http://dummyimage.com/107x189.jpg/ff4444/ffffff', ''),
(65, 'wprandi1s', 'mM0jx6t', 1, 1, 1, 'Prandi', 'Westley', '8996 Hintze Road', 357, 'Svatava', 'wprandi1s@dion.ne.jp', '2019-04-16 00:00:00', 'http://dummyimage.com/173x134.jpg/cc0000/ffffff', ''),
(66, 'silles1t', 'GpYogI', 1, 1, 1, 'Illes', 'Sigismondo', '8412 Springs Park', 33000, 'Galis', 'silles1t@nydailynews.com', '2019-05-03 00:00:00', 'http://dummyimage.com/234x151.jpg/cc0000/ffffff', ''),
(67, 'jlistone1u', '5wQqxrDQzd', 1, 1, 1, 'Listone', 'Jannel', '84984 Grover Hill', 0, 'Bromont', 'jlistone1u@amazonaws.com', '2019-06-08 00:00:00', 'http://dummyimage.com/194x117.jpg/5fa2dd/ffffff', ''),
(68, 'smccullouch1v', 'T1pyBciV', 1, 1, 1, 'McCullouch', 'Sadye', '9863 Waxwing Point', 33000, 'Kassala', 'smccullouch1v@technorati.com', '2019-02-14 00:00:00', 'http://dummyimage.com/175x162.jpg/5fa2dd/ffffff', ''),
(69, 'rmewton1w', 'YrtBWzF', 1, 1, 1, 'Mewton', 'Revkah', '4327 Commercial Terrace', 19200, 'Pirapozinho', 'rmewton1w@ucoz.ru', '2019-04-17 00:00:00', 'http://dummyimage.com/129x129.jpg/cc0000/ffffff', ''),
(70, 'dreddington1x', 'FEBvVifn7jq5', 1, 1, 1, 'Reddington', 'Darbee', '07948 Superior Hill', 0, 'Harbour Breton', 'dreddington1x@tinyurl.com', '2019-06-06 00:00:00', 'http://dummyimage.com/171x179.jpg/5fa2dd/ffffff', ''),
(71, 'gdidomenico1y', 'aNAmz5F', 1, 1, 1, 'Di Domenico', 'Geoffry', '8 Di Loreto Alley', 81140, 'Uthai Thani', 'gdidomenico1y@histats.com', '2019-05-28 00:00:00', 'http://dummyimage.com/212x129.jpg/ff4444/ffffff', ''),
(72, 'kannatt1z', 'vPTq4rrEOSS', 1, 1, 1, 'Annatt', 'Kaylee', '176 Jackson Drive', 162, 'Vällingby', 'kannatt1z@nih.gov', '2019-09-19 00:00:00', 'http://dummyimage.com/236x163.jpg/5fa2dd/ffffff', ''),
(73, 'sidel20', 'BmLEgq', 1, 1, 1, 'Idel', 'Sylvia', '4 Lillian Way', 40726, 'Shah Alam', 'sidel20@marketwatch.com', '2019-05-02 00:00:00', 'http://dummyimage.com/113x188.jpg/cc0000/ffffff', ''),
(74, 'lcawthry21', 'QhuVnp65h', 1, 1, 1, 'Cawthry', 'Leanna', '46952 Weeping Birch Drive', 33000, 'Shanghudi', 'lcawthry21@printfriendly.com', '2019-06-10 00:00:00', 'http://dummyimage.com/223x103.jpg/5fa2dd/ffffff', ''),
(75, 'dtellenbrook22', 'FeZXP0LX', 1, 1, 1, 'Tellenbrook', 'Danila', '10073 Ramsey Pass', 33000, 'Mhango', 'dtellenbrook22@yahoo.co.jp', '2019-07-10 00:00:00', 'http://dummyimage.com/222x121.jpg/5fa2dd/ffffff', ''),
(76, 'dcayle23', 'YQZopilY', 1, 1, 1, 'Cayle', 'Dodie', '1643 Johnson Park', 32, 'Nowe Brzesko', 'dcayle23@wiley.com', '2019-04-05 00:00:00', 'http://dummyimage.com/126x235.jpg/ff4444/ffffff', ''),
(77, 'frandales24', '1G3xvjHaXJ', 1, 1, 1, 'Randales', 'Fiann', '20 Rieder Terrace', 919, 'Hino', 'frandales24@nyu.edu', '2019-12-03 00:00:00', 'http://dummyimage.com/121x155.jpg/5fa2dd/ffffff', ''),
(78, 'ablaszczyk25', '4smQ1IZRbx', 1, 1, 1, 'Blaszczyk', 'Antonius', '35 Butterfield Terrace', 6309, 'General Manuel J. Campos', 'ablaszczyk25@geocities.com', '2019-09-12 00:00:00', 'http://dummyimage.com/127x213.jpg/ff4444/ffffff', ''),
(79, 'kanthill26', 'yJ4AYSAMAx2U', 1, 1, 1, 'Anthill', 'Katuscha', '15 Shopko Road', 2559, 'Cintra', 'kanthill26@microsoft.com', '2019-03-14 00:00:00', 'http://dummyimage.com/188x232.jpg/5fa2dd/ffffff', ''),
(80, 'kklug27', '4ijGo3Huiq', 1, 1, 1, 'Klug', 'Kennith', '7194 Truax Park', 33000, 'Heping', 'kklug27@umich.edu', '2019-03-31 00:00:00', 'http://dummyimage.com/183x207.jpg/5fa2dd/ffffff', ''),
(81, 'rharrinson28', 'jpaGrB', 1, 1, 1, 'Harrinson', 'Rees', '3696 Judy Hill', 33000, 'Puerto Francisco de Orellana', 'rharrinson28@purevolume.com', '2019-08-01 00:00:00', 'http://dummyimage.com/185x191.jpg/5fa2dd/ffffff', ''),
(82, 'dlief29', '5OjXQfgd', 1, 1, 1, 'Lief', 'Dexter', '28009 Novick Trail', 0, 'Kamsack', 'dlief29@angelfire.com', '2019-05-11 00:00:00', 'http://dummyimage.com/136x238.jpg/5fa2dd/ffffff', ''),
(83, 'lulrik2a', '0JhwPQeD5', 1, 1, 1, 'Ulrik', 'Lanni', '8 Badeau Road', 33000, 'Karangsari', 'lulrik2a@mlb.com', '2019-03-08 00:00:00', 'http://dummyimage.com/122x214.jpg/5fa2dd/ffffff', ''),
(84, 'ahinrich2b', 'Mv4qnbrLtVNu', 1, 1, 1, 'Hinrich', 'Ashlen', '6043 Bayside Lane', 5720, 'Alor Setar', 'ahinrich2b@cam.ac.uk', '2019-04-03 00:00:00', 'http://dummyimage.com/130x247.jpg/ff4444/ffffff', ''),
(85, 'clorimer2c', 'e9WjsJ92BVf', 1, 1, 1, 'Lorimer', 'Colet', '42838 Pepper Wood Crossing', 48126, 'Dearborn', 'clorimer2c@forbes.com', '2019-08-02 00:00:00', 'http://dummyimage.com/166x249.jpg/dddddd/000000', ''),
(86, 'sjorry2d', 'b8pV42Vv', 1, 1, 1, 'Jorry', 'Shelby', '8008 Lindbergh Alley', 33000, 'Ķegums', 'sjorry2d@google.it', '2019-06-04 00:00:00', 'http://dummyimage.com/235x224.jpg/cc0000/ffffff', ''),
(87, 'cmuscroft2e', 'LBjuD7z', 1, 1, 1, 'Muscroft', 'Clim', '94 Nova Junction', 58823, 'Juàzeirinho', 'cmuscroft2e@t.co', '2019-10-09 00:00:00', 'http://dummyimage.com/242x243.jpg/dddddd/000000', ''),
(88, 'jstiegars2f', 'LN0k8I', 1, 1, 1, 'Stiegars', 'Jaynell', '8 Shoshone Center', 433300, 'Novoul’yanovsk', 'jstiegars2f@jugem.jp', '2019-10-16 00:00:00', 'http://dummyimage.com/248x242.jpg/5fa2dd/ffffff', ''),
(89, 'fstampfer2g', 'P40oxzfd9', 1, 1, 1, 'Stampfer', 'Flinn', '10028 Novick Road', 411, 'Göteborg', 'fstampfer2g@vkontakte.ru', '2019-05-17 00:00:00', 'http://dummyimage.com/142x233.jpg/5fa2dd/ffffff', ''),
(90, 'amoriarty2h', 'j3XvXV', 1, 1, 1, 'Moriarty', 'Adair', '4123 Prairieview Place', 33000, 'Xue’an', 'amoriarty2h@sbwire.com', '2019-06-08 00:00:00', 'http://dummyimage.com/180x212.jpg/5fa2dd/ffffff', ''),
(91, 'eatyeo2i', 'ePKmUfye', 1, 1, 1, 'Atyeo', 'Ernie', '6 Briar Crest Alley', 33000, 'Quinocay', 'eatyeo2i@ted.com', '2019-03-07 00:00:00', 'http://dummyimage.com/203x109.jpg/ff4444/ffffff', ''),
(92, 'kfawcett2j', 'GHPbLjZ9m', 1, 1, 1, 'Fawcett', 'Kaitlyn', '9 Eagle Crest Alley', 33000, 'Ocongate', 'kfawcett2j@howstuffworks.com', '2019-11-16 00:00:00', 'http://dummyimage.com/100x224.jpg/5fa2dd/ffffff', ''),
(93, 'mharbar2k', 'tIAyBp5ky', 1, 1, 1, 'Harbar', 'Mei', '8040 Waxwing Circle', 2326, 'Pehčevo', 'mharbar2k@telegraph.co.uk', '2019-04-29 00:00:00', 'http://dummyimage.com/220x106.jpg/5fa2dd/ffffff', ''),
(94, 'cbreache2l', 'Arq2sv6So', 1, 1, 1, 'Breache', 'Chaunce', '218 Farwell Plaza', 5418, 'Bagahanlad', 'cbreache2l@chron.com', '2019-05-07 00:00:00', 'http://dummyimage.com/148x163.jpg/ff4444/ffffff', ''),
(95, 'afishby2m', 'aeSsu7LCPO8', 1, 1, 1, 'Fishby', 'Adriane', '9287 Melrose Plaza', 33000, 'Dabao’anzhen', 'afishby2m@google.de', '2019-07-18 00:00:00', 'http://dummyimage.com/122x131.jpg/dddddd/000000', ''),
(96, 'tbranton2n', 'aIAq3XFjG', 1, 1, 1, 'Branton', 'Tresa', '7 Grim Place', 2437, 'Amagbagan', 'tbranton2n@samsung.com', '2019-08-23 00:00:00', 'http://dummyimage.com/241x247.jpg/dddddd/000000', ''),
(97, 'jmeineken2o', 'HEazLK0', 1, 1, 1, 'Meineken', 'Jeremie', '15 Vernon Court', 509, 'Shibushi', 'jmeineken2o@prlog.org', '2019-09-03 00:00:00', 'http://dummyimage.com/145x118.jpg/cc0000/ffffff', ''),
(98, 'bpetrolli2p', 'rgLCPY', 1, 1, 1, 'Petrolli', 'Bekki', '7 Hermina Junction', 446017, 'Dibulla', 'bpetrolli2p@sciencedaily.com', '2019-10-14 00:00:00', 'http://dummyimage.com/220x146.jpg/dddddd/000000', ''),
(99, 'lmcorkill2q', '8Goj0Rbyb7si', 1, 1, 1, 'McOrkill', 'Livvyy', '718 Delladonna Junction', 155334, 'Vichuga', 'lmcorkill2q@economist.com', '2019-10-20 00:00:00', 'http://dummyimage.com/153x138.jpg/ff4444/ffffff', ''),
(100, 'sfoden2r', 'J47cbvJOJVS', 1, 1, 1, 'Foden', 'Skye', '2 Arapahoe Drive', 33000, 'Caoxi', 'sfoden2r@reuters.com', '2019-04-22 00:00:00', 'http://dummyimage.com/125x110.jpg/ff4444/ffffff', ''),
(101, 'kswaffer2s', 'ikdQ2hKeI', 1, 1, 1, 'Swaffer', 'Karlis', '16180 Fremont Point', 675, 'Louka', 'kswaffer2s@lycos.com', '2019-11-10 00:00:00', 'http://dummyimage.com/213x113.jpg/5fa2dd/ffffff', ''),
(102, 'gfranklin2t', 'sJUs7eSnZ', 1, 1, 1, 'Franklin', 'Gerhardt', '9 Banding Crossing', 33000, 'Xo’jayli Shahri', 'gfranklin2t@nature.com', '2019-11-06 00:00:00', 'http://dummyimage.com/150x242.jpg/dddddd/000000', ''),
(103, 'bsills2u', 'sPGG9YUd1Plp', 1, 1, 1, 'Sills', 'Benson', '78 Kingsford Park', 76, 'Damnica', 'bsills2u@weibo.com', '2019-02-26 00:00:00', 'http://dummyimage.com/242x225.jpg/ff4444/ffffff', ''),
(104, 'acrofthwaite2v', '857lI6RB', 1, 1, 1, 'Crofthwaite', 'Abba', '988 Alpine Lane', 79500, 'Paranaíba', 'acrofthwaite2v@tripod.com', '2019-04-28 00:00:00', 'http://dummyimage.com/184x220.jpg/5fa2dd/ffffff', ''),
(105, 'sburgh2w', '7m4p4X', 1, 1, 1, 'Burgh', 'Saudra', '59 Bayside Point', 33000, 'Fengcheng', 'sburgh2w@uol.com.br', '2019-03-29 00:00:00', 'http://dummyimage.com/157x184.jpg/ff4444/ffffff', ''),
(106, 'releshenar2x', 'KOgGABUdWiH', 1, 1, 1, 'Eleshenar', 'Rusty', '30603 Brickson Park Drive', 4622, 'Yerba Buena', 'releshenar2x@1688.com', '2019-10-22 00:00:00', 'http://dummyimage.com/103x115.jpg/ff4444/ffffff', ''),
(107, 'aokynsillaghe2y', 'DUoCprEl', 1, 1, 1, 'O\'Kynsillaghe', 'Audrey', '9915 Victoria Center', 0, 'Delson', 'aokynsillaghe2y@theglobeandmail.com', '2019-10-15 00:00:00', 'http://dummyimage.com/218x212.jpg/ff4444/ffffff', ''),
(108, 'gkneeshaw2z', 'dc9Z4U9RqLC', 1, 1, 1, 'Kneeshaw', 'Gilligan', '43747 Saint Paul Point', 33000, 'Thakhèk', 'gkneeshaw2z@seattletimes.com', '2019-09-06 00:00:00', 'http://dummyimage.com/105x120.jpg/ff4444/ffffff', ''),
(109, 'orobbey30', 'Yo7N6l2BpIj', 1, 1, 1, 'Robbey', 'Olva', '700 Ramsey Center', 33000, 'Shendang', 'orobbey30@trellian.com', '2019-02-28 00:00:00', 'http://dummyimage.com/216x211.jpg/5fa2dd/ffffff', ''),
(110, 'cpatington31', 'Bmtf70iY7H', 1, 1, 1, 'Patington', 'Clerkclaude', '6615 Anhalt Way', 33000, 'Ar Riqqah', 'cpatington31@sun.com', '2019-07-28 00:00:00', 'http://dummyimage.com/190x101.jpg/5fa2dd/ffffff', ''),
(111, 'clanfare32', '3ZfRIk', 1, 1, 1, 'Lanfare', 'Carrie', '54 Bartelt Junction', 895, 'Ōkuchi', 'clanfare32@amazon.co.uk', '2019-07-30 00:00:00', 'http://dummyimage.com/224x172.jpg/5fa2dd/ffffff', ''),
(112, 'amutimer33', 'UBTAMYi', 1, 1, 1, 'Mutimer', 'Ambrosius', '91375 Ryan Way', 130, 'Oslo', 'amutimer33@berkeley.edu', '2019-10-18 00:00:00', 'http://dummyimage.com/246x174.jpg/ff4444/ffffff', ''),
(113, 'narnow34', 'xB7yCQ', 1, 1, 1, 'Arnow', 'Neysa', '3944 Maryland Place', 4208, 'Šenčur', 'narnow34@blinklist.com', '2019-08-13 00:00:00', 'http://dummyimage.com/100x151.jpg/cc0000/ffffff', ''),
(114, 'hfouch35', 'V1c2flc', 1, 1, 1, 'Fouch', 'Hally', '41 Bayside Pass', 33000, 'Jiru', 'hfouch35@cornell.edu', '2019-11-23 00:00:00', 'http://dummyimage.com/192x224.jpg/cc0000/ffffff', ''),
(115, 'sagott36', 'ZJp3YsG', 1, 1, 1, 'Agott', 'Sacha', '2849 Sunfield Crossing', 4960, 'Pinheiro', 'sagott36@google.nl', '2019-09-12 00:00:00', 'http://dummyimage.com/117x224.jpg/dddddd/000000', ''),
(116, 'dhedderly37', '3OsLvz9', 1, 1, 1, 'Hedderly', 'Dagmar', '4 Lotheville Lane', 33000, 'Fuzhiping', 'dhedderly37@arstechnica.com', '2019-07-22 00:00:00', 'http://dummyimage.com/151x230.jpg/5fa2dd/ffffff', ''),
(117, 'esmallthwaite38', 'FyiF1jdDr', 1, 1, 1, 'Smallthwaite', 'Ellie', '62113 Evergreen Trail', 2701, 'Santa Catalina', 'esmallthwaite38@salon.com', '2019-10-18 00:00:00', 'http://dummyimage.com/196x151.jpg/5fa2dd/ffffff', ''),
(118, 'hdunsmuir39', 'KeZhNo', 1, 1, 1, 'Dunsmuir', 'Hasheem', '02469 Shasta Place', 33000, 'Flic en Flac', 'hdunsmuir39@goodreads.com', '2019-05-19 00:00:00', 'http://dummyimage.com/121x121.jpg/cc0000/ffffff', ''),
(119, 'rvaissiere3a', 'LiBfdcaJN5pl', 1, 1, 1, 'Vaissiere', 'Rebekkah', '4808 Anzinger Point', 33000, 'As Suqaylibīyah', 'rvaissiere3a@cornell.edu', '2019-09-04 00:00:00', 'http://dummyimage.com/173x122.jpg/cc0000/ffffff', ''),
(120, 'pgoodhay3b', 'qIlp5Fibl', 1, 1, 1, 'Goodhay', 'Phil', '6 Jana Crossing', 0, 'Balzan', 'pgoodhay3b@google.fr', '2019-04-24 00:00:00', 'http://dummyimage.com/178x226.jpg/cc0000/ffffff', ''),
(121, 'cpiggins3c', '88KVIZWr', 1, 1, 1, 'Piggins', 'Currie', '8507 Basil Hill', 33000, 'Orita Eruwa', 'cpiggins3c@amazon.co.jp', '2019-07-28 00:00:00', 'http://dummyimage.com/128x229.jpg/dddddd/000000', ''),
(122, 'ddallmann3d', '5E8Za8TuJNhw', 1, 1, 1, 'Dallmann', 'Donny', '14 Washington Road', 2011, 'Buensuseso', 'ddallmann3d@goo.gl', '2019-10-28 00:00:00', 'http://dummyimage.com/170x105.jpg/cc0000/ffffff', ''),
(123, 'kbeddingham3e', 'Lwd6w66CJYS1', 1, 1, 1, 'Beddingham', 'Kaitlin', '90871 Old Shore Way', 749, 'Vítkov', 'kbeddingham3e@google.ru', '2019-11-26 00:00:00', 'http://dummyimage.com/244x114.jpg/dddddd/000000', ''),
(124, 'sbielby3f', '36lJpMyNG', 1, 1, 1, 'Bielby', 'Stormie', '492 Atwood Hill', 33000, 'Zhuangbian', 'sbielby3f@samsung.com', '2019-05-29 00:00:00', 'http://dummyimage.com/234x115.jpg/cc0000/ffffff', ''),
(125, 'cdurn3g', 'XDxB1Vynbg', 1, 1, 1, 'Durn', 'Catherina', '701 Union Crossing', 33000, 'Port-à-Piment', 'cdurn3g@trellian.com', '2019-07-02 00:00:00', 'http://dummyimage.com/236x190.jpg/cc0000/ffffff', ''),
(126, 'sdreamer3h', 'vj3hHwiknJ4', 1, 1, 1, 'Dreamer', 'Saloma', '08161 Cottonwood Hill', 33000, 'Alexandria', 'sdreamer3h@fastcompany.com', '2019-09-10 00:00:00', 'http://dummyimage.com/210x189.jpg/5fa2dd/ffffff', ''),
(127, 'bginman3i', 'MfIVH4x1ZbV', 1, 1, 1, 'Ginman', 'Bartholomew', '19 Meadow Ridge Crossing', 33000, 'Jiabei', 'bginman3i@blogspot.com', '2019-09-13 00:00:00', 'http://dummyimage.com/164x130.jpg/ff4444/ffffff', ''),
(128, 'ryandle3j', 'YCLa5snsT', 1, 1, 1, 'Yandle', 'Roslyn', '0562 Warbler Court', 2325, 'Kidričevo', 'ryandle3j@businessinsider.com', '2019-10-28 00:00:00', 'http://dummyimage.com/229x167.jpg/cc0000/ffffff', ''),
(129, 'jdefilippi3k', 'iGvwd1zs9q', 1, 1, 1, 'De Filippi', 'Judith', '34173 Arkansas Circle', 0, 'Gravelbourg', 'jdefilippi3k@eepurl.com', '2019-11-11 00:00:00', 'http://dummyimage.com/204x167.jpg/ff4444/ffffff', ''),
(130, 'wpamment3l', 'xmRHZrA731', 1, 1, 1, 'Pamment', 'Winslow', '78 Derek Lane', 32255, 'Soljani', 'wpamment3l@live.com', '2019-06-10 00:00:00', 'http://dummyimage.com/225x162.jpg/cc0000/ffffff', ''),
(131, 'mrohlfing3m', 'RO5QwBXM', 1, 1, 1, 'Rohlfing', 'Marcelle', '1 Hayes Trail', 33000, 'Jincheng', 'mrohlfing3m@soundcloud.com', '2019-11-12 00:00:00', 'http://dummyimage.com/154x150.jpg/cc0000/ffffff', ''),
(132, 'ukempton3n', 'gy9BAaV0ixQ6', 1, 1, 1, 'Kempton', 'Ulysses', '72470 Lien Lane', 2211, 'Masinloc', 'ukempton3n@intel.com', '2019-08-29 00:00:00', 'http://dummyimage.com/201x215.jpg/ff4444/ffffff', ''),
(133, 'skyles3o', 'oDcGagcdI', 1, 1, 1, 'Kyles', 'Saloma', '4 Moland Court', 33000, 'Shenzhengqiao', 'skyles3o@free.fr', '2019-11-28 00:00:00', 'http://dummyimage.com/155x132.jpg/ff4444/ffffff', ''),
(134, 'cfaulds3p', 'w5H7GqwM', 1, 1, 1, 'Faulds', 'Cyndy', '9727 Erie Lane', 33000, 'Huochang', 'cfaulds3p@wisc.edu', '2019-08-31 00:00:00', 'http://dummyimage.com/173x197.jpg/5fa2dd/ffffff', ''),
(135, 'dmccarrison3q', 'SQ0K75SW', 1, 1, 1, 'McCarrison', 'Desiree', '36 Jana Crossing', 33000, 'Būr Safājah', 'dmccarrison3q@paypal.com', '2019-02-08 00:00:00', 'http://dummyimage.com/156x193.jpg/5fa2dd/ffffff', ''),
(136, 'sproswell3r', '0vN3VpW', 1, 1, 1, 'Proswell', 'Sutton', '3428 Farmco Place', 56, 'Twardogóra', 'sproswell3r@mapy.cz', '2019-03-15 00:00:00', 'http://dummyimage.com/242x133.jpg/ff4444/ffffff', ''),
(137, 'jcarmel3s', 'PMGa6Z', 1, 1, 1, 'Carmel', 'Jennie', '8824 Milwaukee Street', 33000, 'Beishan', 'jcarmel3s@businessinsider.com', '2019-08-19 00:00:00', 'http://dummyimage.com/244x123.jpg/5fa2dd/ffffff', ''),
(138, 'akinkead3t', 'BwujflXc', 1, 1, 1, 'Kinkead', 'Alfie', '22189 Roth Circle', 47, 'Dziergowice', 'akinkead3t@storify.com', '2019-11-26 00:00:00', 'http://dummyimage.com/139x182.jpg/dddddd/000000', ''),
(139, 'dcranmore3u', 'j89wbm', 1, 1, 1, 'Cranmore', 'Donnie', '77 Buell Drive', 0, 'Ta’ Xbiex', 'dcranmore3u@issuu.com', '2019-09-02 00:00:00', 'http://dummyimage.com/107x217.jpg/cc0000/ffffff', ''),
(140, 'dcharlewood3v', 'wxcl5Gc2', 1, 1, 1, 'Charlewood', 'Dunn', '017 Bartillon Plaza', 4300, 'Puerto Bello', 'dcharlewood3v@comcast.net', '2019-10-31 00:00:00', 'http://dummyimage.com/243x180.jpg/cc0000/ffffff', ''),
(141, 'tcrosetto3w', 'D2SZBw', 1, 1, 1, 'Crosetto', 'Trude', '4889 Welch Crossing', 4820, 'Carreira', 'tcrosetto3w@imgur.com', '2019-05-21 00:00:00', 'http://dummyimage.com/118x197.jpg/ff4444/ffffff', ''),
(142, 'hjozsa3x', 'KroNvyArue', 1, 1, 1, 'Jozsa', 'Hastie', '661 Annamark Crossing', 11320, 'Kandana', 'hjozsa3x@jigsy.com', '2019-11-08 00:00:00', 'http://dummyimage.com/178x169.jpg/ff4444/ffffff', ''),
(143, 'mmagill3y', 'zmCMdy1E5E', 1, 1, 1, 'Magill', 'Myrvyn', '03 Ilene Plaza', 2758, 'Simitli', 'mmagill3y@sina.com.cn', '2019-11-30 00:00:00', 'http://dummyimage.com/128x162.jpg/5fa2dd/ffffff', ''),
(144, 'mpeirazzi3z', '8i7fphm', 1, 1, 1, 'Peirazzi', 'Millie', '9583 Ronald Regan Hill', 33000, 'Ning’an', 'mpeirazzi3z@smh.com.au', '2019-10-10 00:00:00', 'http://dummyimage.com/234x205.jpg/ff4444/ffffff', ''),
(145, 'rpoytres40', 'rxa3ZvkgF', 1, 1, 1, 'Poytres', 'Rennie', '8474 Rieder Center', 33000, 'Bluefields', 'rpoytres40@shutterfly.com', '2019-08-30 00:00:00', 'http://dummyimage.com/176x170.jpg/cc0000/ffffff', ''),
(146, 'ofealy41', 'N8XZnfS', 1, 1, 1, 'Fealy', 'Omero', '94 Glendale Junction', 629320, 'Otradnyy', 'ofealy41@cdbaby.com', '2019-03-12 00:00:00', 'http://dummyimage.com/250x147.jpg/cc0000/ffffff', ''),
(147, 'tjeenes42', 'LcWHk3Tex4l', 1, 1, 1, 'Jeenes', 'Terrill', '04 Rieder Park', 33000, 'Ḩurayḑah', 'tjeenes42@sun.com', '2019-07-11 00:00:00', 'http://dummyimage.com/214x142.jpg/dddddd/000000', ''),
(148, 'cflello43', 'einqrQHZAT', 1, 1, 1, 'Flello', 'Cayla', '71264 Twin Pines Plaza', 33000, 'Huangqiao', 'cflello43@cbslocal.com', '2019-03-23 00:00:00', 'http://dummyimage.com/188x212.jpg/5fa2dd/ffffff', ''),
(149, 'scanizares44', 'Adl9r97P1C', 1, 1, 1, 'Canizares', 'Sylvester', '3 Blaine Trail', 171658, 'Novokuz’minki', 'scanizares44@time.com', '2019-11-05 00:00:00', 'http://dummyimage.com/164x230.jpg/cc0000/ffffff', ''),
(150, 'cpauncefort45', 'MDFJcXnHqu', 1, 1, 1, 'Pauncefort', 'Cazzie', '40351 Northfield Circle', 369312, 'Ust’-Dzheguta', 'cpauncefort45@imgur.com', '2019-03-24 00:00:00', 'http://dummyimage.com/170x208.jpg/dddddd/000000', ''),
(151, 'aalexsandrev46', 'd7ZkIa', 1, 1, 1, 'Alexsandrev', 'Alys', '37 Comanche Street', 33000, 'Puncakwangi', 'aalexsandrev46@mit.edu', '2019-04-13 00:00:00', 'http://dummyimage.com/189x145.jpg/dddddd/000000', ''),
(152, 'valu47', 'qBc6YUYo', 1, 1, 1, 'Alu', 'Viole', '5 Dunning Crossing', 33000, 'Dugu', 'valu47@businesswire.com', '2019-07-29 00:00:00', 'http://dummyimage.com/129x227.jpg/5fa2dd/ffffff', ''),
(153, 'shuxter48', 'AYEWRo', 1, 1, 1, 'Huxter', 'Sawyer', '142 Hayes Park', 66140, 'Sam Ngam', 'shuxter48@japanpost.jp', '2019-11-04 00:00:00', 'http://dummyimage.com/116x129.jpg/dddddd/000000', ''),
(154, 'ajanicki49', 'XcvaqEoJtI', 1, 1, 1, 'Janicki', 'Ardith', '9668 Eastwood Lane', 33000, 'Gumdag', 'ajanicki49@trellian.com', '2019-11-23 00:00:00', 'http://dummyimage.com/198x113.jpg/dddddd/000000', ''),
(155, 'osutor4a', 'eaZFc5H6N', 1, 1, 1, 'Sutor', 'Obie', '58 Algoma Alley', 762538, 'Sevilla', 'osutor4a@aol.com', '2019-04-08 00:00:00', 'http://dummyimage.com/214x111.jpg/ff4444/ffffff', ''),
(156, 'jpomphrett4b', 'DBfT2W', 1, 1, 1, 'Pomphrett', 'Jacquelynn', '0 Anderson Circle', 6220, 'Bernardo Larroudé', 'jpomphrett4b@goo.ne.jp', '2019-06-20 00:00:00', 'http://dummyimage.com/123x108.jpg/ff4444/ffffff', ''),
(157, 'tkingham4c', 'yu9p8mJulzRJ', 1, 1, 1, 'Kingham', 'Trula', '8 Anthes Hill', 33000, 'Energeticheskiy', 'tkingham4c@mac.com', '2019-09-25 00:00:00', 'http://dummyimage.com/149x215.jpg/dddddd/000000', ''),
(158, 'dfrontczak4d', 'miCvQQ', 1, 1, 1, 'Frontczak', 'Deni', '69197 Village Green Alley', 2706, 'San Esteban', 'dfrontczak4d@sciencedirect.com', '2019-05-14 00:00:00', 'http://dummyimage.com/199x157.jpg/cc0000/ffffff', ''),
(159, 'pestcourt4e', 'dlBH9yzlDeP', 1, 1, 1, 'Estcourt', 'Pam', '92328 Southridge Crossing', 33000, 'Semampir', 'pestcourt4e@jimdo.com', '2019-07-03 00:00:00', 'http://dummyimage.com/209x204.jpg/dddddd/000000', ''),
(160, 'nleveret4f', 'NpfbbI', 1, 1, 1, 'Leveret', 'Nadeen', '02762 Vermont Avenue', 6817, 'Perth', 'nleveret4f@epa.gov', '2019-10-08 00:00:00', 'http://dummyimage.com/104x128.jpg/cc0000/ffffff', ''),
(161, 'bfeaviour4g', 'oCTKN81GqwiQ', 1, 1, 1, 'Feaviour', 'Bathsheba', '361 Magdeline Alley', 33000, 'Machalí', 'bfeaviour4g@issuu.com', '2019-08-26 00:00:00', 'http://dummyimage.com/109x148.jpg/dddddd/000000', ''),
(162, 'fchrisp4h', 'yk5iXPH', 1, 1, 1, 'Chrisp', 'Faun', '083 Schlimgen Court', 33000, 'Masachapa', 'fchrisp4h@nps.gov', '2019-05-22 00:00:00', 'http://dummyimage.com/177x218.jpg/5fa2dd/ffffff', ''),
(163, 'rsuckling4i', 'J6rxcBGXdu', 1, 1, 1, 'Suckling', 'Robena', '4620 Manitowish Place', 19160, 'Álvares Machado', 'rsuckling4i@clickbank.net', '2019-03-30 00:00:00', 'http://dummyimage.com/137x234.jpg/cc0000/ffffff', ''),
(164, 'gstitch4j', 'F1L82jqwg', 1, 1, 1, 'Stitch', 'Galven', '1 Spenser Trail', 87140, 'Los Pinos', 'gstitch4j@who.int', '2019-03-08 00:00:00', 'http://dummyimage.com/209x111.jpg/dddddd/000000', ''),
(165, 'hweatherill4k', 'ap97XQc', 1, 1, 1, 'Weatherill', 'Huey', '3568 Northland Avenue', 33000, 'Wakema', 'hweatherill4k@instagram.com', '2019-02-26 00:00:00', 'http://dummyimage.com/129x199.jpg/ff4444/ffffff', ''),
(166, 'efleg4l', 'P2wi0WvwjcQ', 1, 1, 1, 'Fleg', 'Ebeneser', '55643 Stoughton Park', 89270, 'Guaramirim', 'efleg4l@prweb.com', '2019-04-27 00:00:00', 'http://dummyimage.com/243x190.jpg/cc0000/ffffff', ''),
(167, 'rbaford4m', 'nITHezbRys', 1, 1, 1, 'Baford', 'Rickey', '45 Shopko Point', 33000, 'Cibatuireng', 'rbaford4m@simplemachines.org', '2019-05-01 00:00:00', 'http://dummyimage.com/127x222.jpg/cc0000/ffffff', ''),
(168, 'glaven4n', 'cvLqpN5vkO3n', 1, 1, 1, 'Laven', 'Grata', '6 Hazelcrest Junction', 55125, 'Toritama', 'glaven4n@theguardian.com', '2019-02-28 00:00:00', 'http://dummyimage.com/149x250.jpg/ff4444/ffffff', ''),
(169, 'wduiged4o', 'ZyG1QCPNJma', 1, 1, 1, 'Duiged', 'Winnah', '34311 Troy Crossing', 33000, 'Al Fashn', 'wduiged4o@godaddy.com', '2019-11-14 00:00:00', 'http://dummyimage.com/121x123.jpg/ff4444/ffffff', ''),
(170, 'ayanshonok4p', 's6Cq2S79rPr', 1, 1, 1, 'Yanshonok', 'Arman', '782 Maywood Alley', 2477, 'Trŭn', 'ayanshonok4p@symantec.com', '2019-10-31 00:00:00', 'http://dummyimage.com/163x192.jpg/cc0000/ffffff', ''),
(171, 'amccaskell4q', 'L5fTEWRHnD', 1, 1, 1, 'McCaskell', 'Aldrich', '62202 Towne Street', 83, 'Lubichowo', 'amccaskell4q@digg.com', '2019-09-02 00:00:00', 'http://dummyimage.com/217x232.jpg/cc0000/ffffff', ''),
(172, 'rmccay4r', '4EMtJbhJ2', 1, 1, 1, 'McCay', 'Ray', '02 Cody Avenue', 44, 'Knurów', 'rmccay4r@wordpress.com', '2019-07-21 00:00:00', 'http://dummyimage.com/112x104.jpg/ff4444/ffffff', ''),
(173, 'ibeasleigh4s', 'nx1559sdDCI', 1, 1, 1, 'Beasleigh', 'Ignacio', '17540 Transport Junction', 33000, 'Stakhanov', 'ibeasleigh4s@dot.gov', '2019-07-08 00:00:00', 'http://dummyimage.com/186x226.jpg/cc0000/ffffff', ''),
(174, 'aklimes4t', 'XAPwkaTQDcq4', 1, 1, 1, 'Klimes', 'Adina', '93986 Fuller Street', 33000, 'Tsumeb', 'aklimes4t@twitpic.com', '2019-09-09 00:00:00', 'http://dummyimage.com/193x245.jpg/ff4444/ffffff', ''),
(175, 'zfice4u', 'THHd5yG4', 1, 1, 1, 'Fice', 'Zebadiah', '660 Village Lane', 33000, 'Moijabana', 'zfice4u@wisc.edu', '2019-09-22 00:00:00', 'http://dummyimage.com/236x126.jpg/cc0000/ffffff', ''),
(176, 'ghinkes4v', 'fzaqNAvIcHN', 1, 1, 1, 'Hinkes', 'Grantham', '37 Vernon Junction', 33000, 'Cipinang', 'ghinkes4v@cornell.edu', '2019-08-28 00:00:00', 'http://dummyimage.com/121x160.jpg/dddddd/000000', ''),
(177, 'theadford4w', 'rP3mn3K3jW', 1, 1, 1, 'Headford', 'Tildie', '7262 Anthes Junction', 33000, 'Qianxu Zhen', 'theadford4w@economist.com', '2019-08-13 00:00:00', 'http://dummyimage.com/103x194.jpg/dddddd/000000', ''),
(178, 'scohan4x', 'S4sUTp', 1, 1, 1, 'Cohan', 'Skippy', '56278 Lindbergh Circle', 15, 'Ursynów', 'scohan4x@icq.com', '2019-02-18 00:00:00', 'http://dummyimage.com/142x173.jpg/ff4444/ffffff', ''),
(179, 'kspollen4y', 'P1RyY7qc3', 1, 1, 1, 'Spollen', 'Kora', '2583 Gulseth Lane', 67165, 'Wissembourg', 'kspollen4y@4shared.com', '2019-08-15 00:00:00', 'http://dummyimage.com/126x246.jpg/5fa2dd/ffffff', ''),
(180, 'irides4z', 'KOF6Noo', 1, 1, 1, 'Rides', 'Imelda', '872 Stone Corner Terrace', 33000, 'Loa Janan', 'irides4z@aol.com', '2019-06-30 00:00:00', 'http://dummyimage.com/247x180.jpg/ff4444/ffffff', ''),
(181, 'rlorroway50', 'G1nPnKBAkMX', 1, 1, 1, 'Lorroway', 'Reade', '56900 Village Green Junction', 33000, 'Sofiyivka', 'rlorroway50@senate.gov', '2019-08-28 00:00:00', 'http://dummyimage.com/170x247.jpg/cc0000/ffffff', ''),
(182, 'obastard51', 'BtQkzVl', 1, 1, 1, 'Bastard', 'Orion', '85735 Northridge Hill', 0, 'Golden', 'obastard51@artisteer.com', '2019-07-17 00:00:00', 'http://dummyimage.com/207x212.jpg/cc0000/ffffff', ''),
(183, 'sborrie52', 'fb9UrZPe5', 1, 1, 1, 'Borrie', 'Skylar', '6 Bunting Pass', 33000, 'San Luis', 'sborrie52@ucoz.com', '2019-03-14 00:00:00', 'http://dummyimage.com/247x245.jpg/dddddd/000000', ''),
(184, 'cmorphew53', '3b2GMC', 1, 1, 1, 'Morphew', 'Clywd', '644 Evergreen Avenue', 6227, 'San Juan', 'cmorphew53@blog.com', '2019-11-12 00:00:00', 'http://dummyimage.com/235x193.jpg/5fa2dd/ffffff', ''),
(185, 'efurzer54', 'wfXm6cFh', 1, 1, 1, 'Furzer', 'Elna', '1084 Granby Lane', 33000, 'Ash Shaddādah', 'efurzer54@dot.gov', '2019-07-28 00:00:00', 'http://dummyimage.com/213x210.jpg/ff4444/ffffff', ''),
(186, 'rruckledge55', 'xVI8Vcf1G', 1, 1, 1, 'Ruckledge', 'Roxana', '7 Elgar Parkway', 33000, 'Wugui', 'rruckledge55@netscape.com', '2019-08-21 00:00:00', 'http://dummyimage.com/123x206.jpg/cc0000/ffffff', ''),
(187, 'mliddon56', 'ICBzRyosj6o4', 1, 1, 1, 'Liddon', 'Malcolm', '4 Clemons Road', 33000, 'Hongkou', 'mliddon56@wp.com', '2019-02-11 00:00:00', 'http://dummyimage.com/136x238.jpg/dddddd/000000', ''),
(188, 'gdoak57', '24qQHVN', 1, 1, 1, 'Doak', 'Genevra', '31 Graceland Terrace', 33000, 'Zarzis', 'gdoak57@cafepress.com', '2019-07-05 00:00:00', 'http://dummyimage.com/190x113.jpg/ff4444/ffffff', ''),
(189, 'jbrogiotti58', 'wdvMZ4fW', 1, 1, 1, 'Brogiotti', 'Johnnie', '1361 Pankratz Place', 33000, 'Feodosiya', 'jbrogiotti58@comsenz.com', '2019-11-30 00:00:00', 'http://dummyimage.com/163x158.jpg/5fa2dd/ffffff', ''),
(190, 'bcurnok59', 'pJbGywOJ5rip', 1, 1, 1, 'Curnok', 'Binni', '4777 Erie Circle', 441, 'Alingsås', 'bcurnok59@accuweather.com', '2019-05-03 00:00:00', 'http://dummyimage.com/201x248.jpg/5fa2dd/ffffff', ''),
(191, 'sascough5a', 'snAZA20Kg5', 1, 1, 1, 'Ascough', 'Steve', '5454 Lindbergh Trail', 879, 'Ōita', 'sascough5a@google.es', '2019-10-20 00:00:00', 'http://dummyimage.com/149x229.jpg/ff4444/ffffff', ''),
(192, 'jtrustie5b', 'zSVZGWx', 1, 1, 1, 'Trustie', 'Justis', '07 High Crossing Lane', 33000, 'Hushi', 'jtrustie5b@hugedomains.com', '2019-08-31 00:00:00', 'http://dummyimage.com/138x181.jpg/ff4444/ffffff', ''),
(193, 'hmatzl5c', 'TOhTq6DzM7', 1, 1, 1, 'Matzl', 'Hirsch', '53 Crowley Hill', 33000, 'Singaraja', 'hmatzl5c@jiathis.com', '2019-04-27 00:00:00', 'http://dummyimage.com/141x236.jpg/5fa2dd/ffffff', ''),
(194, 'tcogger5d', '7LIL5aiq1P', 1, 1, 1, 'Cogger', 'Thane', '55 Shelley Road', 2236, 'Sv. Trojica v Slov. Goricah', 'tcogger5d@cpanel.net', '2019-05-28 00:00:00', 'http://dummyimage.com/210x198.jpg/ff4444/ffffff', ''),
(195, 'mlevens5e', 'LoYZtD4', 1, 1, 1, 'Levens', 'Morena', '1312 Bluejay Place', 123, 'Farsta', 'mlevens5e@example.com', '2019-08-23 00:00:00', 'http://dummyimage.com/204x236.jpg/5fa2dd/ffffff', ''),
(196, 'kboate5f', 'aX2SrKc', 1, 1, 1, 'Boate', 'Kessiah', '35587 Anthes Junction', 4803, 'Baras', 'kboate5f@biblegateway.com', '2019-12-03 00:00:00', 'http://dummyimage.com/100x127.jpg/dddddd/000000', ''),
(197, 'gshutte5g', 'FLHG3xIq6jwZ', 1, 1, 1, 'Shutte', 'Garth', '5002 Lighthouse Bay Junction', 33000, 'Babakan', 'gshutte5g@apple.com', '2019-04-02 00:00:00', 'http://dummyimage.com/129x155.jpg/dddddd/000000', ''),
(198, 'ecurm5h', 'N5VIC3K', 1, 1, 1, 'Curm', 'Ema', '4 Hansons Avenue', 33000, 'Yurimaguas', 'ecurm5h@marriott.com', '2019-09-08 00:00:00', 'http://dummyimage.com/122x246.jpg/cc0000/ffffff', ''),
(199, 'mdubs5i', 'Rpi5J6YI4WY', 1, 1, 1, 'Dubs', 'Malory', '342 Milwaukee Crossing', 4800, 'São Torcato', 'mdubs5i@java.com', '2019-11-17 00:00:00', 'http://dummyimage.com/105x167.jpg/cc0000/ffffff', ''),
(200, 'dbeaufoy5j', 'cFlRftsUHIu', 1, 1, 1, 'Beaufoy', 'Doris', '5982 Independence Place', 2835, 'Vila Ribeiro', 'dbeaufoy5j@xinhuanet.com', '2019-05-29 00:00:00', 'http://dummyimage.com/169x137.jpg/5fa2dd/ffffff', ''),
(201, 'gmouncey5k', '6H4WunAf', 1, 1, 1, 'Mouncey', 'Glennis', '01413 Lakeland Point', 394091, 'Pridonskoy', 'gmouncey5k@businesswire.com', '2019-05-20 00:00:00', 'http://dummyimage.com/112x250.jpg/ff4444/ffffff', ''),
(202, 'msneesby5l', 'FnYssFkjZYC', 1, 1, 1, 'Sneesby', 'Maris', '4 Oak Valley Place', 33000, 'Kohila', 'msneesby5l@desdev.cn', '2019-03-30 00:00:00', 'http://dummyimage.com/126x145.jpg/ff4444/ffffff', ''),
(203, 'csteabler5m', 'GOiAPG03uV', 1, 1, 1, 'Steabler', 'Cassius', '977 Cherokee Plaza', 33000, 'Pagelaran', 'csteabler5m@webeden.co.uk', '2019-09-21 00:00:00', 'http://dummyimage.com/208x163.jpg/5fa2dd/ffffff', ''),
(204, 'wvagg5n', '6J6IYcZM', 1, 1, 1, 'Vagg', 'Wilie', '017 Truax Circle', 4785, 'Gandara', 'wvagg5n@seesaa.net', '2019-11-10 00:00:00', 'http://dummyimage.com/215x136.jpg/ff4444/ffffff', ''),
(205, 'cwagstaffe5o', 'udaPD1', 1, 1, 1, 'Wagstaffe', 'Corbie', '099 Del Sol Road', 606231, 'Staronizhestebliyevskaya', 'cwagstaffe5o@stumbleupon.com', '2019-11-08 00:00:00', 'http://dummyimage.com/152x172.jpg/dddddd/000000', ''),
(206, 'idebiaggi5p', 'p0zzotfKU0wj', 1, 1, 1, 'De Biaggi', 'Isac', '2259 Melrose Court', 33000, 'Guanghou', 'idebiaggi5p@boston.com', '2019-10-06 00:00:00', 'http://dummyimage.com/214x226.jpg/ff4444/ffffff', ''),
(207, 'pcaban5q', 'mdFsODTTG2ye', 1, 1, 1, 'Caban', 'Putnem', '99 Bowman Park', 33000, 'Psychikó', 'pcaban5q@homestead.com', '2019-10-01 00:00:00', 'http://dummyimage.com/250x143.jpg/dddddd/000000', ''),
(208, 'dmulvaney5r', 'CEHN6M', 1, 1, 1, 'Mulvaney', 'Delcina', '112 Sutteridge Alley', 4620, 'Quintães', 'dmulvaney5r@chicagotribune.com', '2019-07-25 00:00:00', 'http://dummyimage.com/166x146.jpg/dddddd/000000', ''),
(209, 'acosin5s', 'ilIg5ES2A', 1, 1, 1, 'Cosin', 'Avram', '300 Anthes Parkway', 5016, 'Batad', 'acosin5s@weibo.com', '2019-05-04 00:00:00', 'http://dummyimage.com/152x125.jpg/dddddd/000000', ''),
(210, 'iskipsey5t', 'amfYr28k7trg', 1, 1, 1, 'Skipsey', 'Ilka', '91 Raven Drive', 4313, 'San Narciso', 'iskipsey5t@washingtonpost.com', '2019-08-31 00:00:00', 'http://dummyimage.com/124x188.jpg/5fa2dd/ffffff', ''),
(211, 'gmccoole5u', 'Y7bTxHTZDJX', 1, 1, 1, 'McCoole', 'Gregorius', '329 Algoma Lane', 61300, 'Puttalam', 'gmccoole5u@cpanel.net', '2019-06-23 00:00:00', 'http://dummyimage.com/188x210.jpg/cc0000/ffffff', ''),
(212, 'sobreen5v', 'qGZikR', 1, 1, 1, 'O\'Breen', 'Silvester', '46753 Waubesa Parkway', 83, 'Subkowy', 'sobreen5v@trellian.com', '2019-12-01 00:00:00', 'http://dummyimage.com/110x211.jpg/ff4444/ffffff', ''),
(213, 'kdeval5w', 'wmMhY9GInm3', 1, 1, 1, 'Deval', 'Kale', '591 Green Ridge Terrace', 33000, 'Lidoríki', 'kdeval5w@jimdo.com', '2019-04-21 00:00:00', 'http://dummyimage.com/250x178.jpg/cc0000/ffffff', ''),
(214, 'tstiller5x', 'NxnnfgBN', 1, 1, 1, 'Stiller', 'Tersina', '12349 Cottonwood Road', 9022, 'San Luis Ixcán', 'tstiller5x@gnu.org', '2019-10-20 00:00:00', 'http://dummyimage.com/162x216.jpg/dddddd/000000', ''),
(215, 'sodreain5y', 'XvsgJxZvXA', 1, 1, 1, 'O\'Dreain', 'Sallyann', '782 Glendale Park', 141309, 'Sergiyev Posad', 'sodreain5y@sina.com.cn', '2019-06-20 00:00:00', 'http://dummyimage.com/222x227.jpg/ff4444/ffffff', ''),
(216, 'ekiezler5z', '3r9tB6', 1, 1, 1, 'Kiezler', 'Etienne', '058 Fisk Court', 9450, 'Ventersburg', 'ekiezler5z@seesaa.net', '2019-12-01 00:00:00', 'http://dummyimage.com/161x203.jpg/cc0000/ffffff', ''),
(217, 'kbartholin60', 'gQoICz', 1, 1, 1, 'Bartholin', 'Karolina', '558 Birchwood Circle', 34102, 'Naples', 'kbartholin60@tmall.com', '2019-09-05 00:00:00', 'http://dummyimage.com/156x201.jpg/5fa2dd/ffffff', ''),
(218, 'acoleford61', 'CRj893ho0vyo', 1, 1, 1, 'Coleford', 'Alain', '6 Chinook Point', 739, 'Vojkovice', 'acoleford61@e-recht24.de', '2019-08-20 00:00:00', 'http://dummyimage.com/102x232.jpg/dddddd/000000', ''),
(219, 'msandcraft62', 'lPznxXlx', 1, 1, 1, 'Sandcraft', 'Mira', '21569 Mallory Hill', 7213, 'Novallas', 'msandcraft62@phpbb.com', '2019-06-25 00:00:00', 'http://dummyimage.com/192x233.jpg/ff4444/ffffff', ''),
(220, 'csoame63', 'RcuY0Eog2z', 1, 1, 1, 'Soame', 'Christiano', '37020 Darwin Plaza', 33000, 'Xinzhuang', 'csoame63@latimes.com', '2019-03-17 00:00:00', 'http://dummyimage.com/153x207.jpg/dddddd/000000', ''),
(221, 'tcockson64', 'MbGtd6jf', 1, 1, 1, 'Cockson', 'Tamma', '842 Cardinal Terrace', 188992, 'Svetogorsk', 'tcockson64@examiner.com', '2019-05-03 00:00:00', 'http://dummyimage.com/231x223.jpg/5fa2dd/ffffff', ''),
(222, 'hfelce65', 'EmeuaO', 1, 1, 1, 'Felce', 'Haley', '390 Artisan Lane', 30220, 'Sam Roi Yot', 'hfelce65@printfriendly.com', '2019-09-18 00:00:00', 'http://dummyimage.com/131x193.jpg/ff4444/ffffff', ''),
(223, 'cplues66', '21nIGobpm3D', 1, 1, 1, 'Plues', 'Corrinne', '232 Acker Terrace', 4107, 'Prosperidad', 'cplues66@google.co.uk', '2019-07-06 00:00:00', 'http://dummyimage.com/102x168.jpg/cc0000/ffffff', ''),
(224, 'kextal67', 'IivKrQD', 1, 1, 1, 'Extal', 'Katerine', '88848 Loeprich Trail', 33000, 'Longyuanba', 'kextal67@vimeo.com', '2019-08-07 00:00:00', 'http://dummyimage.com/158x209.jpg/cc0000/ffffff', ''),
(225, 'jprestwich68', '3CR9NeguzF6', 1, 1, 1, 'Prestwich', 'Jessamyn', '5 Waubesa Trail', 1150, 'Hobo', 'jprestwich68@telegraph.co.uk', '2019-08-16 00:00:00', 'http://dummyimage.com/109x214.jpg/5fa2dd/ffffff', ''),
(226, 'rdowsey69', 'qNVmGzwuimO9', 1, 1, 1, 'Dowsey', 'Regan', '5 Myrtle Alley', 33000, 'Zhangaqorghan', 'rdowsey69@statcounter.com', '2019-07-17 00:00:00', 'http://dummyimage.com/189x138.jpg/5fa2dd/ffffff', ''),
(227, 'acullagh6a', '4JtASNC', 1, 1, 1, 'Cullagh', 'Alexina', '3 Oak Valley Circle', 84320, 'Reserva', 'acullagh6a@multiply.com', '2019-11-14 00:00:00', 'http://dummyimage.com/181x107.jpg/dddddd/000000', ''),
(228, 'icavendish6b', 'SEYMOiQ8yX7J', 1, 1, 1, 'Cavendish', 'Ivar', '256 Heath Plaza', 33000, 'Bagusan', 'icavendish6b@mapy.cz', '2019-02-19 00:00:00', 'http://dummyimage.com/130x178.jpg/dddddd/000000', ''),
(229, 'ewick6c', 'no0dymNym', 1, 1, 1, 'Wick', 'Estrella', '6 Buena Vista Way', 33000, 'Vacoas', 'ewick6c@gov.uk', '2019-06-15 00:00:00', 'http://dummyimage.com/180x248.jpg/5fa2dd/ffffff', ''),
(230, 'wbrownill6d', 'P9yNSy9', 1, 1, 1, 'Brownill', 'Welsh', '614 Lakewood Court', 33000, 'Zhanggongmiao', 'wbrownill6d@etsy.com', '2019-10-21 00:00:00', 'http://dummyimage.com/120x176.jpg/dddddd/000000', ''),
(231, 'ofremantle6e', 'xCGedcXjCeo', 1, 1, 1, 'Fremantle', 'Ondrea', '65899 Delaware Place', 33000, 'Matumadua', 'ofremantle6e@usatoday.com', '2019-06-13 00:00:00', 'http://dummyimage.com/114x198.jpg/5fa2dd/ffffff', ''),
(232, 'rpoints6f', 'v8S8OTwHEC5', 1, 1, 1, 'Points', 'Romy', '385 Cascade Road', 33000, 'Sobo', 'rpoints6f@free.fr', '2019-05-26 00:00:00', 'http://dummyimage.com/213x218.jpg/ff4444/ffffff', ''),
(233, 'amarfell6g', 'uHoTZ0vvMlB', 1, 1, 1, 'Marfell', 'Aliza', '529 Lawn Crossing', 33000, 'Puan', 'amarfell6g@upenn.edu', '2019-11-27 00:00:00', 'http://dummyimage.com/247x205.jpg/ff4444/ffffff', ''),
(234, 'tgirth6h', 'kdA7lhk8', 1, 1, 1, 'Girth', 'Timmy', '12 Cordelia Place', 33000, 'Pingshan', 'tgirth6h@friendfeed.com', '2019-07-15 00:00:00', 'http://dummyimage.com/101x129.jpg/5fa2dd/ffffff', ''),
(235, 'cjephson6i', 'CiaKcDk', 1, 1, 1, 'Jephson', 'Candis', '46328 Truax Drive', 2614, 'Obong', 'cjephson6i@globo.com', '2019-10-11 00:00:00', 'http://dummyimage.com/203x171.jpg/dddddd/000000', ''),
(236, 'krosenwald6j', 'jy2EchhF', 1, 1, 1, 'Rosenwald', 'Kelsi', '85100 Cascade Court', 14470, 'Pedregulho', 'krosenwald6j@com.com', '2019-10-14 00:00:00', 'http://dummyimage.com/154x148.jpg/5fa2dd/ffffff', ''),
(237, 'ranselm6k', 'rWfGH9', 1, 1, 1, 'Anselm', 'Raoul', '60973 Bluestem Hill', 86000, 'Phatthalung', 'ranselm6k@ihg.com', '2019-03-27 00:00:00', 'http://dummyimage.com/183x113.jpg/dddddd/000000', ''),
(238, 'oferraron6l', '08pRb0', 1, 1, 1, 'Ferraron', 'Ossie', '71 Manufacturers Way', 33000, 'Esmeralda', 'oferraron6l@hp.com', '2019-05-09 00:00:00', 'http://dummyimage.com/214x116.jpg/ff4444/ffffff', ''),
(239, 'rgillott6m', 'bAedChGIdd', 1, 1, 1, 'Gillott', 'Rabbi', '17559 Kedzie Court', 33000, 'Sidamukti', 'rgillott6m@hexun.com', '2019-07-31 00:00:00', 'http://dummyimage.com/250x232.jpg/cc0000/ffffff', ''),
(240, 'lcompfort6n', 'Pz6JmjJ', 1, 1, 1, 'Compfort', 'Lionello', '3 1st Place', 41029, 'Blois', 'lcompfort6n@aol.com', '2019-05-12 00:00:00', 'http://dummyimage.com/154x121.jpg/5fa2dd/ffffff', ''),
(241, 'sgourlay6o', 'jdpc2wNKeY', 1, 1, 1, 'Gourlay', 'Sabra', '22151 Fallview Way', 33000, 'Krajan', 'sgourlay6o@cornell.edu', '2019-08-03 00:00:00', 'http://dummyimage.com/250x103.jpg/5fa2dd/ffffff', ''),
(242, 'hmcdaid6p', 'MjCwxcBUd', 1, 1, 1, 'McDaid', 'Herculie', '81 Fremont Drive', 33000, 'Xinjie', 'hmcdaid6p@hugedomains.com', '2019-08-22 00:00:00', 'http://dummyimage.com/150x231.jpg/5fa2dd/ffffff', ''),
(243, 'beard6q', '85eLdIx5s', 1, 1, 1, 'Eard', 'Boothe', '28 Truax Way', 33000, 'Donghe', 'beard6q@wordpress.org', '2019-07-17 00:00:00', 'http://dummyimage.com/237x131.jpg/dddddd/000000', ''),
(244, 'wclougher6r', 's2hMmWg', 1, 1, 1, 'Clougher', 'Winnifred', '7369 Hanson Plaza', 33000, 'Kulpin', 'wclougher6r@umich.edu', '2019-03-17 00:00:00', 'http://dummyimage.com/104x174.jpg/dddddd/000000', ''),
(245, 'rwisedale6s', 'WtPTdOOiK2N', 1, 1, 1, 'Wisedale', 'Rock', '3617 Fieldstone Court', 33000, 'Marcala', 'rwisedale6s@nyu.edu', '2019-06-07 00:00:00', 'http://dummyimage.com/184x200.jpg/5fa2dd/ffffff', ''),
(246, 'jfinci6t', 'QbywDQf9Q', 1, 1, 1, 'Finci', 'Janis', '1 Spaight Junction', 21016, 'Rūdiškės', 'jfinci6t@google.it', '2019-08-11 00:00:00', 'http://dummyimage.com/154x227.jpg/ff4444/ffffff', ''),
(247, 'fwinscum6u', 'O2UTOiwFs', 1, 1, 1, 'Winscum', 'Frederigo', '2167 Garrison Alley', 33000, 'Qianwei', 'fwinscum6u@tamu.edu', '2019-07-22 00:00:00', 'http://dummyimage.com/218x170.jpg/5fa2dd/ffffff', ''),
(248, 'mspavon6v', 'lxh6JrBGZ', 1, 1, 1, 'Spavon', 'Merrel', '43359 Mccormick Crossing', 963, 'Shiroishi', 'mspavon6v@noaa.gov', '2019-02-21 00:00:00', 'http://dummyimage.com/217x225.jpg/5fa2dd/ffffff', ''),
(249, 'egonin6w', 'XWzW9iSTJV2B', 1, 1, 1, 'Gonin', 'Elwood', '514 Pennsylvania Terrace', 33000, 'Desakolot', 'egonin6w@admin.ch', '2019-10-17 00:00:00', 'http://dummyimage.com/205x168.jpg/5fa2dd/ffffff', ''),
(250, 'svanhault6x', 'MMiN69TY5n4y', 1, 1, 1, 'Van Hault', 'Shani', '11 Service Trail', 76300, 'Ceres', 'svanhault6x@histats.com', '2019-08-09 00:00:00', 'http://dummyimage.com/213x136.jpg/dddddd/000000', ''),
(251, 'gwinwright6y', 'CzQgqokcOYg4', 1, 1, 1, 'Winwright', 'Gail', '4 Charing Cross Place', 40323, 'Otok', 'gwinwright6y@prlog.org', '2019-04-28 00:00:00', 'http://dummyimage.com/178x183.jpg/dddddd/000000', ''),
(252, 'tchadbourn6z', 'kpEf06e4gFj', 1, 1, 1, 'Chadbourn', 'Towney', '97 Monterey Terrace', 33000, 'Cigeulis', 'tchadbourn6z@foxnews.com', '2019-08-26 00:00:00', 'http://dummyimage.com/177x104.jpg/5fa2dd/ffffff', ''),
(253, 'vpurves70', 'fDi3iS8duGrI', 1, 1, 1, 'Purves', 'Vinson', '3583 Colorado Park', 33000, 'Wanjia', 'vpurves70@printfriendly.com', '2019-05-22 00:00:00', 'http://dummyimage.com/129x136.jpg/cc0000/ffffff', ''),
(254, 'wshenfisch71', 'MIItSG', 1, 1, 1, 'Shenfisch', 'Waiter', '8011 Sauthoff Lane', 75372, 'Dallas', 'wshenfisch71@canalblog.com', '2019-08-19 00:00:00', 'http://dummyimage.com/239x220.jpg/ff4444/ffffff', ''),
(255, 'wlemin72', 'xrkJ4EeR8n', 1, 1, 1, 'Lemin', 'Wiatt', '112 Maple Drive', 33000, 'Ténenkou', 'wlemin72@gnu.org', '2019-06-14 00:00:00', 'http://dummyimage.com/220x222.jpg/dddddd/000000', ''),
(256, 'ejandl73', 'hDL2hj', 1, 1, 1, 'Jandl', 'Ebony', '07377 Shasta Street', 33000, 'Ganquan', 'ejandl73@zimbio.com', '2019-09-05 00:00:00', 'http://dummyimage.com/193x217.jpg/5fa2dd/ffffff', ''),
(257, 'hbradnock74', 'Z1GyiDc24DyZ', 1, 1, 1, 'Bradnock', 'Harriott', '08914 Elka Street', 369110, 'Psyzh', 'hbradnock74@smugmug.com', '2019-05-19 00:00:00', 'http://dummyimage.com/127x141.jpg/5fa2dd/ffffff', ''),
(258, 'lfarlowe75', 'xcc3dZ9LWJT', 1, 1, 1, 'Farlowe', 'Laurie', '38611 Stephen Park', 1185, 'Carolina', 'lfarlowe75@xing.com', '2019-10-21 00:00:00', 'http://dummyimage.com/172x134.jpg/cc0000/ffffff', ''),
(259, 'bspofforth76', '80pKTVQ5yO', 1, 1, 1, 'Spofforth', 'Berenice', '7 Fieldstone Avenue', 33000, 'Timrat', 'bspofforth76@earthlink.net', '2019-05-12 00:00:00', 'http://dummyimage.com/124x167.jpg/cc0000/ffffff', ''),
(260, 'kmclane77', 'vfAK26sP', 1, 1, 1, 'McLane', 'Katey', '915 Brown Alley', 33000, 'Jingdu', 'kmclane77@cbsnews.com', '2019-08-26 00:00:00', 'http://dummyimage.com/190x217.jpg/5fa2dd/ffffff', ''),
(261, 'cfarrier78', '9Xcdzo', 1, 1, 1, 'Farrier', 'Christy', '8889 Sauthoff Plaza', 17184, 'Périgny', 'cfarrier78@symantec.com', '2019-09-17 00:00:00', 'http://dummyimage.com/174x195.jpg/ff4444/ffffff', ''),
(262, 'mbroadley79', 'jqqPLlRGP', 1, 1, 1, 'Broadley', 'Minta', '85667 Bowman Street', 33000, 'Gedera', 'mbroadley79@hp.com', '2019-04-17 00:00:00', 'http://dummyimage.com/176x143.jpg/cc0000/ffffff', ''),
(263, 'kscyner7a', 'BxPZZ5o', 1, 1, 1, 'Scyner', 'Kevina', '42 American Hill', 33000, 'Luo’ao', 'kscyner7a@shop-pro.jp', '2019-08-11 00:00:00', 'http://dummyimage.com/152x216.jpg/5fa2dd/ffffff', ''),
(264, 'cennor7b', 'j45cZW8I', 1, 1, 1, 'Ennor', 'Cory', '08374 Prairieview Center', 33000, 'Dongdu', 'cennor7b@moonfruit.com', '2019-08-30 00:00:00', 'http://dummyimage.com/105x187.jpg/ff4444/ffffff', ''),
(265, 'amangan7c', 'HHjihO1', 1, 1, 1, 'Mangan', 'Allene', '384 Golf Course Center', 76330, 'Mehar', 'amangan7c@sakura.ne.jp', '2019-11-26 00:00:00', 'http://dummyimage.com/113x209.jpg/dddddd/000000', ''),
(266, 'mmacloughlin7d', 'VgIK2SGjjB', 1, 1, 1, 'MacLoughlin', 'Melinda', '0 Oriole Alley', 12071, 'Athmuqam', 'mmacloughlin7d@discuz.net', '2019-05-11 00:00:00', 'http://dummyimage.com/127x198.jpg/cc0000/ffffff', ''),
(267, 'adupre7e', 'lSl0bKvf', 1, 1, 1, 'Du Pre', 'Abdel', '19 Wayridge Trail', 422721, 'Spassk', 'adupre7e@smh.com.au', '2019-06-20 00:00:00', 'http://dummyimage.com/128x205.jpg/ff4444/ffffff', ''),
(268, 'slait7f', 'HSWt2QEAm9H', 1, 1, 1, 'Lait', 'Skelly', '0773 Twin Pines Place', 33000, 'Fanzhen', 'slait7f@friendfeed.com', '2019-11-10 00:00:00', 'http://dummyimage.com/117x154.jpg/cc0000/ffffff', ''),
(269, 'ooxbe7g', 'kAaYmW', 1, 1, 1, 'Oxbe', 'Odessa', '467 Norway Maple Center', 33000, 'Katakwi', 'ooxbe7g@cocolog-nifty.com', '2019-07-18 00:00:00', 'http://dummyimage.com/215x217.jpg/ff4444/ffffff', ''),
(270, 'zhethron7h', 'aDjQZznM', 1, 1, 1, 'Hethron', 'Zenia', '333 Dexter Junction', 4380, 'Tuusula', 'zhethron7h@hostgator.com', '2019-11-20 00:00:00', 'http://dummyimage.com/244x133.jpg/5fa2dd/ffffff', ''),
(271, 'ssisland7i', 'lURcUWNV', 1, 1, 1, 'Sisland', 'Selia', '44 Ludington Drive', 439, 'Postoloprty', 'ssisland7i@hp.com', '2019-04-07 00:00:00', 'http://dummyimage.com/223x126.jpg/ff4444/ffffff', ''),
(272, 'bcoolican7j', '7tSbZc8', 1, 1, 1, 'Coolican', 'Baillie', '42 Weeping Birch Court', 33000, 'Boto', 'bcoolican7j@about.me', '2019-06-29 00:00:00', 'http://dummyimage.com/230x220.jpg/5fa2dd/ffffff', ''),
(273, 'llascelles7k', 'QyQWJT0TskSh', 1, 1, 1, 'Lascelles', 'Lynsey', '6537 Sachtjen Park', 33000, 'Girijaya', 'llascelles7k@de.vu', '2019-09-15 00:00:00', 'http://dummyimage.com/104x141.jpg/dddddd/000000', '');
INSERT INTO `users` (`id`, `users_username`, `users_password`, `users_active`, `users_type`, `users_classe`, `users_name`, `users_surname`, `users_adress`, `users_cp`, `users_city`, `users_email`, `users_add_date`, `users_avatar`, `users_aboutme`) VALUES
(274, 'kperkis7l', 'KIk65VF7L9J', 1, 1, 1, 'Perkis', 'Kristos', '3 Nova Avenue', 33000, 'Foso', 'kperkis7l@free.fr', '2019-10-12 00:00:00', 'http://dummyimage.com/163x174.jpg/cc0000/ffffff', ''),
(275, 'mhammerstone7m', 'q26Gyym6M3', 1, 1, 1, 'Hammerstone', 'Marco', '036 Pleasure Road', 357128, 'Nevinnomyssk', 'mhammerstone7m@cdc.gov', '2019-06-27 00:00:00', 'http://dummyimage.com/162x171.jpg/dddddd/000000', ''),
(276, 'edymocke7n', 'sEonPse', 1, 1, 1, 'Dymocke', 'Elora', '7318 Meadow Ridge Junction', 33, 'Sieradza', 'edymocke7n@netscape.com', '2019-04-02 00:00:00', 'http://dummyimage.com/195x199.jpg/ff4444/ffffff', ''),
(277, 'fmarrow7o', 'cSBELO', 1, 1, 1, 'Marrow', 'Francklyn', '6 Ilene Place', 21210, 'Wang Chan', 'fmarrow7o@latimes.com', '2019-02-17 00:00:00', 'http://dummyimage.com/179x176.jpg/cc0000/ffffff', ''),
(278, 'edametti7p', 'Xgq9hh7d', 1, 1, 1, 'Dametti', 'Ethelin', '17 Hauk Court', 33000, 'Sopla', 'edametti7p@mac.com', '2019-06-22 00:00:00', 'http://dummyimage.com/129x249.jpg/ff4444/ffffff', ''),
(279, 'mlouder7q', '6LF0Af', 1, 1, 1, 'Louder', 'Meggie', '4 Elmside Parkway', 442830, 'Kolyshley', 'mlouder7q@mac.com', '2019-04-13 00:00:00', 'http://dummyimage.com/240x190.jpg/5fa2dd/ffffff', ''),
(280, 'glangham7r', 'ETIvSg', 1, 1, 1, 'Langham', 'Gardner', '97012 North Crossing', 33000, 'Huanglin', 'glangham7r@t.co', '2019-04-18 00:00:00', 'http://dummyimage.com/218x112.jpg/ff4444/ffffff', ''),
(281, 'mcurry7s', 'NtGDfPn7', 1, 1, 1, 'Curry', 'Mabel', '84 Fordem Lane', 28045, 'Madrid', 'mcurry7s@cornell.edu', '2019-07-11 00:00:00', 'http://dummyimage.com/232x161.jpg/ff4444/ffffff', ''),
(282, 'lbutchard7t', 'IbL1ei', 1, 1, 1, 'Butchard', 'Lynn', '4502 Hudson Point', 33000, 'Batangtoru', 'lbutchard7t@netlog.com', '2019-07-03 00:00:00', 'http://dummyimage.com/205x111.jpg/5fa2dd/ffffff', ''),
(283, 'bfairfull7u', 'JFnMg2cl8K', 1, 1, 1, 'Fairfull', 'Bridie', '2531 Dakota Center', 5000, 'Bulihan', 'bfairfull7u@bizjournals.com', '2019-09-03 00:00:00', 'http://dummyimage.com/123x229.jpg/5fa2dd/ffffff', ''),
(284, 'eaprahamian7v', 'ZiClfB', 1, 1, 1, 'Aprahamian', 'Evangelin', '3992 Raven Court', 950009, 'San José del Guaviare', 'eaprahamian7v@salon.com', '2019-07-12 00:00:00', 'http://dummyimage.com/248x135.jpg/dddddd/000000', ''),
(285, 'bkenzie7w', 'qvW6GGQpvOUp', 1, 1, 1, 'Kenzie', 'Bernice', '0151 Summit Pass', 33000, 'Angol', 'bkenzie7w@google.it', '2019-04-22 00:00:00', 'http://dummyimage.com/225x123.jpg/5fa2dd/ffffff', ''),
(286, 'dcasali7x', 'Hwjkqm8nY9t', 1, 1, 1, 'Casali', 'Davon', '307 Lakewood Road', 684537, 'Albania', 'dcasali7x@parallels.com', '2019-09-18 00:00:00', 'http://dummyimage.com/206x165.jpg/5fa2dd/ffffff', ''),
(287, 'abedburrow7y', 'p5Ar0W', 1, 1, 1, 'Bedburrow', 'Annecorinne', '8 Eliot Street', 111, 'Stockholm', 'abedburrow7y@intel.com', '2019-06-20 00:00:00', 'http://dummyimage.com/122x185.jpg/5fa2dd/ffffff', ''),
(288, 'kleachman7z', 'lALxWz0vlRCx', 1, 1, 1, 'Leachman', 'Karyl', '5091 Boyd Plaza', 33000, 'Kalynivka', 'kleachman7z@newyorker.com', '2019-03-26 00:00:00', 'http://dummyimage.com/178x120.jpg/cc0000/ffffff', ''),
(289, 'ebend80', 'kqvMlz6qH', 1, 1, 1, 'Bend', 'Edin', '92 Duke Circle', 121, 'Johanneshov', 'ebend80@census.gov', '2019-10-12 00:00:00', 'http://dummyimage.com/192x133.jpg/cc0000/ffffff', ''),
(290, 'lheberden81', 'iAOWAWPc0Ap', 1, 1, 1, 'Heberden', 'Lyndy', '1772 Comanche Center', 0, 'Dungloe', 'lheberden81@amazon.com', '2019-05-17 00:00:00', 'http://dummyimage.com/175x231.jpg/cc0000/ffffff', ''),
(291, 'stidball82', 'ZsMKwC', 1, 1, 1, 'Tidball', 'Sammie', '5945 Coolidge Crossing', 0, 'Caherconlish', 'stidball82@tuttocitta.it', '2019-12-04 00:00:00', 'http://dummyimage.com/222x156.jpg/dddddd/000000', ''),
(292, 'ssmalls83', '6dH9CeUqMSXQ', 1, 1, 1, 'Smalls', 'Sid', '0554 Stang Center', 3500, 'Silvares', 'ssmalls83@deviantart.com', '2019-03-12 00:00:00', 'http://dummyimage.com/174x182.jpg/cc0000/ffffff', ''),
(293, 'wstobo84', 'ioAMBb', 1, 1, 1, 'Stobo', 'Willie', '04076 Susan Terrace', 7014, 'Santa Cruz La Laguna', 'wstobo84@spotify.com', '2019-06-07 00:00:00', 'http://dummyimage.com/249x136.jpg/5fa2dd/ffffff', ''),
(294, 'loharney85', 'I4OVKPys6CB', 1, 1, 1, 'O\'Harney', 'Leonardo', '02 Susan Crossing', 0, 'Ta’ Xbiex', 'loharney85@netscape.com', '2019-11-21 00:00:00', 'http://dummyimage.com/172x218.jpg/ff4444/ffffff', ''),
(295, 'fquaif86', 'q0B6A2CKt', 1, 1, 1, 'Quaif', 'Finlay', '1 Valley Edge Court', 92691, 'Levallois-Perret', 'fquaif86@acquirethisname.com', '2019-04-21 00:00:00', 'http://dummyimage.com/248x118.jpg/5fa2dd/ffffff', ''),
(296, 'msquibb87', 'gHOZj5Vo6z', 1, 1, 1, 'Squibb', 'Maxie', '7 Paget Way', 33, 'Lisia Góra', 'msquibb87@economist.com', '2019-03-02 00:00:00', 'http://dummyimage.com/151x177.jpg/5fa2dd/ffffff', ''),
(297, 'mcutchey88', 'GQDCq74gN5P', 1, 1, 1, 'Cutchey', 'Merle', '2 Vera Circle', 2714, 'Tiguion', 'mcutchey88@ovh.net', '2019-11-21 00:00:00', 'http://dummyimage.com/136x179.jpg/dddddd/000000', ''),
(298, 'pwetheril89', 'Z7tPXbc5cP5w', 1, 1, 1, 'Wetheril', 'Pris', '72978 Lyons Trail', 432980, 'Ulyanovsk', 'pwetheril89@dion.ne.jp', '2019-02-18 00:00:00', 'http://dummyimage.com/228x158.jpg/5fa2dd/ffffff', ''),
(299, 'rgartshore8a', 'nkeyyb6DNu', 1, 1, 1, 'Gartshore', 'Romeo', '5009 Longview Alley', 33000, 'Aoqiao', 'rgartshore8a@ustream.tv', '2019-06-13 00:00:00', 'http://dummyimage.com/163x164.jpg/dddddd/000000', ''),
(300, 'pbosquet8b', '7szT5ZfErtUq', 1, 1, 1, 'Bosquet', 'Pet', '409 Surrey Lane', 33000, 'Oussivo', 'pbosquet8b@networksolutions.com', '2019-08-20 00:00:00', 'http://dummyimage.com/228x202.jpg/dddddd/000000', ''),
(301, 'gborrill8c', 'giCBBnfgb', 1, 1, 1, 'Borrill', 'Glenda', '14967 Clove Terrace', 55188, 'Saint Paul', 'gborrill8c@huffingtonpost.com', '2019-03-16 00:00:00', 'http://dummyimage.com/228x243.jpg/cc0000/ffffff', ''),
(302, 'mseward8d', 'pBDpAA', 1, 1, 1, 'Seward', 'Mohandis', '05577 Dahle Avenue', 33000, 'Pérama', 'mseward8d@networksolutions.com', '2019-05-31 00:00:00', 'http://dummyimage.com/151x211.jpg/dddddd/000000', ''),
(303, 'ajahnisch8e', 'YGIZcsiV3', 1, 1, 1, 'Jahnisch', 'Alonso', '5 Manitowish Court', 64, 'Miedzichowo', 'ajahnisch8e@salon.com', '2019-12-02 00:00:00', 'http://dummyimage.com/154x117.jpg/dddddd/000000', ''),
(304, 'aglaysher8f', 'qAUT3RR', 1, 1, 1, 'Glaysher', 'Aurelie', '510 Fieldstone Road', 33000, 'Gayle', 'aglaysher8f@lulu.com', '2019-06-26 00:00:00', 'http://dummyimage.com/118x126.jpg/dddddd/000000', ''),
(305, 'aespinet8g', '2PsqS2', 1, 1, 1, 'Espinet', 'Anatola', '4 Lyons Drive', 33000, 'Tangkilsari', 'aespinet8g@gizmodo.com', '2019-11-05 00:00:00', 'http://dummyimage.com/207x133.jpg/dddddd/000000', ''),
(306, 'lcana8h', 'w77OiGg', 1, 1, 1, 'Cana', 'Lyn', '24 Manley Plaza', 33000, 'Jeong', 'lcana8h@reuters.com', '2019-08-05 00:00:00', 'http://dummyimage.com/134x132.jpg/ff4444/ffffff', ''),
(307, 'mdunkerk8i', 'WKxADHrtK', 1, 1, 1, 'Dunkerk', 'Misti', '1746 Basil Crossing', 96799, 'Mapusagafou', 'mdunkerk8i@simplemachines.org', '2019-11-28 00:00:00', 'http://dummyimage.com/189x128.jpg/5fa2dd/ffffff', ''),
(308, 'akhotler8j', 'hylExy52e6', 1, 1, 1, 'Khotler', 'Antony', '980 Porter Drive', 42800, 'Camaçari', 'akhotler8j@blogspot.com', '2019-05-06 00:00:00', 'http://dummyimage.com/131x166.jpg/dddddd/000000', ''),
(309, 'rdon8k', 'iBEMsqxdwkqV', 1, 1, 1, 'Don', 'Rene', '1 Thompson Road', 142139, 'Ivanteyevka', 'rdon8k@mail.ru', '2019-06-22 00:00:00', 'http://dummyimage.com/184x216.jpg/ff4444/ffffff', ''),
(310, 'alinkie8l', 'ROOkQh2kbN', 1, 1, 1, 'Linkie', 'Auberta', '25 Sheridan Way', 33000, 'Kawangohari', 'alinkie8l@columbia.edu', '2019-05-19 00:00:00', 'http://dummyimage.com/218x102.jpg/ff4444/ffffff', ''),
(311, 'lvasyuchov8m', 'DlUiZ8Bx5', 1, 1, 1, 'Vasyuchov', 'Lemuel', '0 Lukken Park', 33000, 'Duanjia', 'lvasyuchov8m@trellian.com', '2019-04-13 00:00:00', 'http://dummyimage.com/116x178.jpg/cc0000/ffffff', ''),
(312, 'aamberg8n', 'exSUXEa3', 1, 1, 1, 'Amberg', 'Alicea', '52466 Pepper Wood Point', 33000, 'Karangmangu', 'aamberg8n@clickbank.net', '2019-08-02 00:00:00', 'http://dummyimage.com/220x147.jpg/5fa2dd/ffffff', ''),
(313, 'rschwandner8o', 'pJvJp13bLV9', 1, 1, 1, 'Schwandner', 'Rex', '6651 Randy Trail', 33000, 'Shuangxi', 'rschwandner8o@furl.net', '2019-05-07 00:00:00', 'http://dummyimage.com/231x139.jpg/5fa2dd/ffffff', ''),
(314, 'gyewen8p', 'Q8BWx6Q', 1, 1, 1, 'Yewen', 'Gennifer', '7937 Wayridge Trail', 33000, 'Texíguat', 'gyewen8p@acquirethisname.com', '2019-09-17 00:00:00', 'http://dummyimage.com/125x111.jpg/ff4444/ffffff', ''),
(315, 'pjaulmes8q', 'HSjNcdsFtwr', 1, 1, 1, 'Jaulmes', 'Patten', '4384 Iowa Lane', 33000, 'Pančevo', 'pjaulmes8q@amazon.co.jp', '2019-05-02 00:00:00', 'http://dummyimage.com/189x187.jpg/cc0000/ffffff', ''),
(316, 'aludgrove8r', '4N5X3iuZ', 1, 1, 1, 'Ludgrove', 'Aili', '7070 Namekagon Junction', 33000, 'Cigintung', 'aludgrove8r@loc.gov', '2019-10-18 00:00:00', 'http://dummyimage.com/136x211.jpg/ff4444/ffffff', ''),
(317, 'ptice8s', 'XBklUm', 1, 1, 1, 'Tice', 'Prudy', '65194 Sunfield Plaza', 44804, 'Saint-Herblain', 'ptice8s@europa.eu', '2019-07-26 00:00:00', 'http://dummyimage.com/158x156.jpg/cc0000/ffffff', ''),
(318, 'jdesquesnes8t', 'aPkD87BFA2a', 1, 1, 1, 'Desquesnes', 'Joyan', '11 Ramsey Plaza', 125364, 'Idritsa', 'jdesquesnes8t@nih.gov', '2019-05-26 00:00:00', 'http://dummyimage.com/164x217.jpg/dddddd/000000', ''),
(319, 'mbwye8u', 'z8rw3sxUFQr', 1, 1, 1, 'Bwye', 'Maribeth', '56767 8th Lane', 356501, 'Likhoy', 'mbwye8u@samsung.com', '2019-06-03 00:00:00', 'http://dummyimage.com/116x246.jpg/dddddd/000000', ''),
(320, 'oalexsandrov8v', 'x9qQXoTk2', 1, 1, 1, 'Alexsandrov', 'Ollie', '225 Graceland Drive', 33000, 'Huangling', 'oalexsandrov8v@buzzfeed.com', '2019-10-20 00:00:00', 'http://dummyimage.com/180x112.jpg/cc0000/ffffff', ''),
(321, 'lloudyan8w', 'QYHguJm', 1, 1, 1, 'Loudyan', 'Lil', '3390 Brown Plaza', 9400, 'Bella Vista', 'lloudyan8w@wikipedia.org', '2019-03-12 00:00:00', 'http://dummyimage.com/128x129.jpg/5fa2dd/ffffff', ''),
(322, 'oaldhous8x', 'oyhUg0xby', 1, 1, 1, 'Aldhous', 'Olympie', '76 Nobel Road', 33000, 'Sar-e Pul', 'oaldhous8x@wordpress.org', '2019-10-29 00:00:00', 'http://dummyimage.com/185x168.jpg/ff4444/ffffff', ''),
(323, 'mkibbel8y', 'lIWIqlktp', 1, 1, 1, 'Kibbel', 'Margo', '324 Manley Place', 1485, 'Navotas', 'mkibbel8y@salon.com', '2019-07-13 00:00:00', 'http://dummyimage.com/154x235.jpg/dddddd/000000', ''),
(324, 'mgriffey8z', 'bYwIDDLC', 1, 1, 1, 'Griffey', 'Mose', '22537 Forest Hill', 33000, 'San Pablo', 'mgriffey8z@ehow.com', '2019-08-09 00:00:00', 'http://dummyimage.com/112x235.jpg/5fa2dd/ffffff', ''),
(325, 'ereubbens90', 'jLDtTpGgL', 1, 1, 1, 'Reubbens', 'Edwin', '584 Emmet Way', 33000, 'Ji’an', 'ereubbens90@liveinternet.ru', '2019-06-19 00:00:00', 'http://dummyimage.com/204x218.jpg/ff4444/ffffff', ''),
(326, 'dmorgue91', 'bjogwBrPlE', 1, 1, 1, 'Morgue', 'Dana', '489 Scoville Terrace', 33000, 'Taihe', 'dmorgue91@bloomberg.com', '2019-06-29 00:00:00', 'http://dummyimage.com/168x157.jpg/5fa2dd/ffffff', ''),
(327, 'hpisculli92', 'Ebt0qy7FG', 1, 1, 1, 'Pisculli', 'Hilde', '234 Mosinee Point', 33000, 'Đưc Trọng', 'hpisculli92@kickstarter.com', '2019-04-06 00:00:00', 'http://dummyimage.com/110x242.jpg/ff4444/ffffff', ''),
(328, 'mhartlebury93', 'rsZDmYTHT', 1, 1, 1, 'Hartlebury', 'Melosa', '437 Northridge Way', 33000, 'Chenqiao', 'mhartlebury93@discuz.net', '2019-08-09 00:00:00', 'http://dummyimage.com/120x156.jpg/ff4444/ffffff', ''),
(329, 'trangall94', 'DDo16jJMQ3Z', 1, 1, 1, 'Rangall', 'Tim', '8 Scofield Way', 6748, 'Szeged', 'trangall94@marketwatch.com', '2019-09-02 00:00:00', 'http://dummyimage.com/210x248.jpg/cc0000/ffffff', ''),
(330, 'greaman95', 'RcG9LD8vWBj', 1, 1, 1, 'Reaman', 'Goraud', '215 Warrior Court', 33000, 'Bonriki Village', 'greaman95@nationalgeographic.com', '2019-07-12 00:00:00', 'http://dummyimage.com/185x219.jpg/ff4444/ffffff', ''),
(331, 'mfeasby96', 'mZ65uaektL', 1, 1, 1, 'Feasby', 'Marnie', '1323 Clyde Gallagher Point', 76304, 'Sotteville-lès-Rouen', 'mfeasby96@wunderground.com', '2019-11-17 00:00:00', 'http://dummyimage.com/225x183.jpg/cc0000/ffffff', ''),
(332, 'ccrocket97', 'WPBIbH47DQop', 1, 1, 1, 'Crocket', 'Conroy', '61 Walton Court', 33000, 'Sake', 'ccrocket97@washingtonpost.com', '2019-10-12 00:00:00', 'http://dummyimage.com/248x172.jpg/dddddd/000000', ''),
(333, 'kberriball98', 'xpnbD3R', 1, 1, 1, 'Berriball', 'Krishna', '93 Hollow Ridge Trail', 2950, 'Bairro dos Marinheiros', 'kberriball98@clickbank.net', '2019-09-21 00:00:00', 'http://dummyimage.com/244x112.jpg/ff4444/ffffff', ''),
(334, 'kmattessen99', 'rsNYZaSpf0q', 1, 1, 1, 'Mattessen', 'Kathrine', '82 Jackson Lane', 302, 'Halmstad', 'kmattessen99@prweb.com', '2019-09-14 00:00:00', 'http://dummyimage.com/170x159.jpg/dddddd/000000', ''),
(335, 'mpereira9a', '5GAive77', 1, 1, 1, 'Pereira', 'Murray', '40 Monument Center', 33000, 'Babat', 'mpereira9a@sohu.com', '2019-04-24 00:00:00', 'http://dummyimage.com/103x204.jpg/cc0000/ffffff', ''),
(336, 'vespadero9b', 'fETbqwT', 1, 1, 1, 'Espadero', 'Valentina', '300 Maywood Terrace', 33000, 'Baja Mar', 'vespadero9b@cnn.com', '2019-08-18 00:00:00', 'http://dummyimage.com/205x128.jpg/cc0000/ffffff', ''),
(337, 'ikullmann9c', 'bduFhuugHc', 1, 1, 1, 'Kullmann', 'Issi', '87 Nobel Plaza', 1049, 'Amsterdam Westpoort', 'ikullmann9c@hao123.com', '2019-09-22 00:00:00', 'http://dummyimage.com/202x165.jpg/ff4444/ffffff', ''),
(338, 'esumnall9d', '5tu9c9', 1, 1, 1, 'Sumnall', 'Everett', '5 Donald Place', 63001, 'Hangu', 'esumnall9d@com.com', '2019-02-16 00:00:00', 'http://dummyimage.com/171x238.jpg/dddddd/000000', ''),
(339, 'jpickup9e', 'FbzPwUM4I3', 1, 1, 1, 'Pickup', 'Jarid', '8 Starling Pass', 6203, 'Embajador Martini', 'jpickup9e@howstuffworks.com', '2019-06-03 00:00:00', 'http://dummyimage.com/151x187.jpg/dddddd/000000', ''),
(340, 'dhenniger9f', 'Gc26jJo', 1, 1, 1, 'Henniger', 'Dedra', '50 Lighthouse Bay Center', 9212, 'Carmelo', 'dhenniger9f@sciencedaily.com', '2019-10-04 00:00:00', 'http://dummyimage.com/158x118.jpg/cc0000/ffffff', ''),
(341, 'kmcdonand9g', 'x2iq4IVq4p', 1, 1, 1, 'McDonand', 'Kassi', '7331 Jackson Avenue', 33000, 'Tushi', 'kmcdonand9g@shareasale.com', '2019-09-29 00:00:00', 'http://dummyimage.com/221x119.jpg/ff4444/ffffff', ''),
(342, 'ssinnatt9h', 'OxJZqm1NV', 1, 1, 1, 'Sinnatt', 'Solly', '212 Carpenter Avenue', 368219, 'Chirkey', 'ssinnatt9h@ebay.co.uk', '2019-06-25 00:00:00', 'http://dummyimage.com/142x202.jpg/cc0000/ffffff', ''),
(343, 'ariepel9i', 'aeaulrcdFBl', 1, 1, 1, 'Riepel', 'Andonis', '257 Ilene Park', 33000, 'Rungkang', 'ariepel9i@hibu.com', '2019-03-07 00:00:00', 'http://dummyimage.com/105x193.jpg/ff4444/ffffff', ''),
(344, 'dbagworth9j', '8DED7riWPTeI', 1, 1, 1, 'Bagworth', 'Danya', '2 Nancy Center', 30150, 'Pak Thong Chai', 'dbagworth9j@google.com.hk', '2019-06-30 00:00:00', 'http://dummyimage.com/107x148.jpg/5fa2dd/ffffff', ''),
(345, 'adoorbar9k', '0JfN1vWgJ', 1, 1, 1, 'Doorbar', 'Alphard', '2554 Melby Circle', 33000, 'Pingxi', 'adoorbar9k@printfriendly.com', '2019-07-03 00:00:00', 'http://dummyimage.com/143x103.jpg/ff4444/ffffff', ''),
(346, 'rbannerman9l', 'GIdBKhzVGLG', 1, 1, 1, 'Bannerman', 'Rory', '010 Mesta Court', 33000, 'Būlaevo', 'rbannerman9l@1688.com', '2019-06-18 00:00:00', 'http://dummyimage.com/186x181.jpg/5fa2dd/ffffff', ''),
(347, 'slangston9m', 'QPQNMpsQ09Y', 1, 1, 1, 'Langston', 'Samuele', '0 Homewood Avenue', 353996, 'Solnechnyy', 'slangston9m@ycombinator.com', '2019-05-10 00:00:00', 'http://dummyimage.com/125x235.jpg/5fa2dd/ffffff', ''),
(348, 'fbernette9n', 'GYQqkJyLmcDt', 1, 1, 1, 'Bernette', 'Fransisco', '963 Saint Paul Drive', 33000, 'Jianggu', 'fbernette9n@dailymail.co.uk', '2019-02-23 00:00:00', 'http://dummyimage.com/228x232.jpg/5fa2dd/ffffff', ''),
(349, 'aashplant9o', 'zKhiyq', 1, 1, 1, 'Ashplant', 'Agatha', '739 Nelson Park', 35195, 'Belo Oriente', 'aashplant9o@studiopress.com', '2019-08-03 00:00:00', 'http://dummyimage.com/113x181.jpg/dddddd/000000', ''),
(350, 'agraffham9p', 'IJJ9Jalc', 1, 1, 1, 'Graffham', 'Alene', '7 Jana Hill', 186323, 'Pindushi', 'agraffham9p@patch.com', '2019-05-21 00:00:00', 'http://dummyimage.com/184x189.jpg/cc0000/ffffff', ''),
(351, 'asleet9q', 'fHniKD1Rady1', 1, 1, 1, 'Sleet', 'Ana', '509 Johnson Road', 33000, 'Farafangana', 'asleet9q@deliciousdays.com', '2019-05-30 00:00:00', 'http://dummyimage.com/133x172.jpg/cc0000/ffffff', ''),
(352, 'obette9r', 'Vkb98Rqb8R', 1, 1, 1, 'Bette', 'Orelie', '92763 Glendale Trail', 33000, 'Fengmu', 'obette9r@plala.or.jp', '2019-09-09 00:00:00', 'http://dummyimage.com/161x216.jpg/5fa2dd/ffffff', ''),
(353, 'viddon9s', 'kBiApev', 1, 1, 1, 'Iddon', 'Vale', '205 Oriole Park', 33000, 'Hepingjie', 'viddon9s@phpbb.com', '2019-05-03 00:00:00', 'http://dummyimage.com/155x130.jpg/5fa2dd/ffffff', ''),
(354, 'cphillot9t', 'mPGh5eA', 1, 1, 1, 'Phillot', 'Coral', '3 Gale Alley', 42, 'Częstochowa', 'cphillot9t@topsy.com', '2019-03-31 00:00:00', 'http://dummyimage.com/189x189.jpg/ff4444/ffffff', ''),
(355, 'eoxtaby9u', 'gRmVPfQx4RK', 1, 1, 1, 'Oxtaby', 'Elijah', '0009 Hoard Junction', 33000, 'Mulong', 'eoxtaby9u@ycombinator.com', '2019-03-27 00:00:00', 'http://dummyimage.com/233x136.jpg/5fa2dd/ffffff', ''),
(356, 'kfearn9v', 'rN8NwRY1zop', 1, 1, 1, 'Fearn', 'Kalinda', '74 Golden Leaf Drive', 27150, 'Winston Salem', 'kfearn9v@wikimedia.org', '2019-11-08 00:00:00', 'http://dummyimage.com/117x147.jpg/cc0000/ffffff', ''),
(357, 'gsaphir9w', '2x2TMCRM', 1, 1, 1, 'Saphir', 'Garrard', '6 Eastwood Trail', 33000, 'Darungan', 'gsaphir9w@washington.edu', '2019-05-22 00:00:00', 'http://dummyimage.com/125x165.jpg/cc0000/ffffff', ''),
(358, 'eburdytt9x', 'bMEquvtFo83M', 1, 1, 1, 'Burdytt', 'Eugine', '55796 Charing Cross Terrace', 9015, 'Huitán', 'eburdytt9x@google.ca', '2019-03-02 00:00:00', 'http://dummyimage.com/211x227.jpg/dddddd/000000', ''),
(359, 'eudie9y', 'gG2cwz9v1', 1, 1, 1, 'Udie', 'Evvy', '01147 Alpine Trail', 33000, 'Pesek', 'eudie9y@blogs.com', '2019-07-11 00:00:00', 'http://dummyimage.com/220x230.jpg/dddddd/000000', ''),
(360, 'cbythell9z', 'jVPiXAeH2r', 1, 1, 1, 'Bythell', 'Coraline', '1 Raven Junction', 50601, 'Faqīrwāli', 'cbythell9z@usatoday.com', '2019-02-19 00:00:00', 'http://dummyimage.com/188x204.jpg/dddddd/000000', ''),
(361, 'agellatelya0', 'Uuxnry', 1, 1, 1, 'Gellately', 'Augustus', '29005 Pennsylvania Road', 33000, 'Rancageneng Satu', 'agellatelya0@networkadvertising.org', '2019-05-09 00:00:00', 'http://dummyimage.com/154x140.jpg/ff4444/ffffff', ''),
(362, 'sbebbella1', 'RzdoQP4', 1, 1, 1, 'Bebbell', 'Shoshanna', '73555 Express Avenue', 590, 'Tarui', 'sbebbella1@sphinn.com', '2019-02-14 00:00:00', 'http://dummyimage.com/225x240.jpg/cc0000/ffffff', ''),
(363, 'polenchikova2', 'dTnGst', 1, 1, 1, 'Olenchikov', 'Petunia', '61 Gerald Hill', 33000, 'Nankou', 'polenchikova2@google.ca', '2019-02-21 00:00:00', 'http://dummyimage.com/219x210.jpg/ff4444/ffffff', ''),
(364, 'jdanaa3', 'i8ymLs8QL', 1, 1, 1, 'Dana', 'Janek', '3427 Pankratz Pass', 624013, 'Dvurechensk', 'jdanaa3@flickr.com', '2019-07-12 00:00:00', 'http://dummyimage.com/177x131.jpg/dddddd/000000', ''),
(365, 'pkilpina4', 'VbrJxXuvO', 1, 1, 1, 'Kilpin', 'Percival', '76796 Lake View Pass', 33000, 'Lampihung', 'pkilpina4@tinyurl.com', '2019-02-18 00:00:00', 'http://dummyimage.com/184x206.jpg/ff4444/ffffff', ''),
(366, 'bemsliea5', 'RGTZbpW', 1, 1, 1, 'Emslie', 'Burtie', '61143 Barby Point', 3103, 'Libas', 'bemsliea5@reverbnation.com', '2019-07-14 00:00:00', 'http://dummyimage.com/174x190.jpg/dddddd/000000', ''),
(367, 'pgarnetta6', 'BcEuXy', 1, 1, 1, 'Garnett', 'Perkin', '3 Mallory Plaza', 38430, 'Tupaciguara', 'pgarnetta6@ftc.gov', '2019-08-03 00:00:00', 'http://dummyimage.com/220x125.jpg/dddddd/000000', ''),
(368, 'mmurrilla7', 'W5z8UBCSIdv', 1, 1, 1, 'Murrill', 'Melicent', '0 Brickson Park Crossing', 3332, 'Jardín América', 'mmurrilla7@skype.com', '2019-10-13 00:00:00', 'http://dummyimage.com/137x233.jpg/5fa2dd/ffffff', ''),
(369, 'adegoeya8', 'ZCs46yrJStb', 1, 1, 1, 'Degoey', 'Ashton', '2 Dexter Alley', 33000, 'Dū Laīnah', 'adegoeya8@wp.com', '2019-06-14 00:00:00', 'http://dummyimage.com/172x180.jpg/cc0000/ffffff', ''),
(370, 'rgirardettia9', 'XvvpnyFph8ZX', 1, 1, 1, 'Girardetti', 'Reine', '7 Russell Avenue', 33000, 'Limonade', 'rgirardettia9@amazon.co.uk', '2019-06-01 00:00:00', 'http://dummyimage.com/172x155.jpg/cc0000/ffffff', ''),
(371, 'ebiesterfeldaa', '5uiAcP', 1, 1, 1, 'Biesterfeld', 'Ericka', '72666 Main Alley', 7202, 'Pan-an', 'ebiesterfeldaa@technorati.com', '2019-08-15 00:00:00', 'http://dummyimage.com/243x249.jpg/dddddd/000000', ''),
(372, 'wmcalpinab', 'CkXWa2AOh', 1, 1, 1, 'McAlpin', 'Waiter', '46140 Judy Hill', 33000, 'Andkhōy', 'wmcalpinab@bbb.org', '2019-04-04 00:00:00', 'http://dummyimage.com/145x105.jpg/5fa2dd/ffffff', ''),
(373, 'srendleac', 'q8mJUQ', 1, 1, 1, 'Rendle', 'Suzette', '0 Tony Place', 21009, 'Dijon', 'srendleac@goo.ne.jp', '2019-09-16 00:00:00', 'http://dummyimage.com/184x186.jpg/5fa2dd/ffffff', ''),
(374, 'fluardad', 'cyhM6YXKRWw', 1, 1, 1, 'Luard', 'Flora', '08 Artisan Parkway', 619222, 'Yurla', 'fluardad@nyu.edu', '2019-06-29 00:00:00', 'http://dummyimage.com/127x150.jpg/dddddd/000000', ''),
(375, 'mwinsletae', 'Jj9CrgitSyO', 1, 1, 1, 'Winslet', 'Marna', '5114 Londonderry Place', 403140, 'Uryupinsk', 'mwinsletae@psu.edu', '2019-10-25 00:00:00', 'http://dummyimage.com/196x160.jpg/ff4444/ffffff', ''),
(376, 'ajestaf', 'k2xhMyc6Fhe1', 1, 1, 1, 'Jest', 'April', '421 Onsgard Road', 33000, 'Medenychi', 'ajestaf@youku.com', '2019-09-30 00:00:00', 'http://dummyimage.com/235x208.jpg/ff4444/ffffff', ''),
(377, 'auglowag', 'VtvEM9uS0pT5', 1, 1, 1, 'Uglow', 'Anita', '957 Veith Hill', 67410, 'Daur', 'auglowag@howstuffworks.com', '2019-07-11 00:00:00', 'http://dummyimage.com/206x240.jpg/dddddd/000000', ''),
(378, 'sburgettah', '1pRmKvCk', 1, 1, 1, 'Burgett', 'Sasha', '9022 Nancy Circle', 33000, 'Sua', 'sburgettah@etsy.com', '2019-10-27 00:00:00', 'http://dummyimage.com/137x140.jpg/5fa2dd/ffffff', ''),
(379, 'slevaneai', 'RddMzWp', 1, 1, 1, 'Levane', 'Sibley', '87880 Victoria Way', 33000, 'Parkent', 'slevaneai@cisco.com', '2019-08-21 00:00:00', 'http://dummyimage.com/217x123.jpg/ff4444/ffffff', ''),
(380, 'etouseyaj', '31gSaU', 1, 1, 1, 'Tousey', 'Elspeth', '387 La Follette Plaza', 33000, 'Yinglong', 'etouseyaj@wikispaces.com', '2019-11-16 00:00:00', 'http://dummyimage.com/183x250.jpg/5fa2dd/ffffff', ''),
(381, 'ckobschak', 'TufK5JZZtn9r', 1, 1, 1, 'Kobsch', 'Chrysler', '3 Quincy Court', 6555, 'Daireaux', 'ckobschak@bbc.co.uk', '2019-09-03 00:00:00', 'http://dummyimage.com/109x201.jpg/ff4444/ffffff', ''),
(382, 'lbilbreyal', '04IAjNy', 1, 1, 1, 'Bilbrey', 'Louisa', '7268 Westport Street', 33000, 'San Ramón', 'lbilbreyal@comcast.net', '2019-02-28 00:00:00', 'http://dummyimage.com/226x225.jpg/dddddd/000000', ''),
(383, 'sdesporteam', 'sXVlIbGnTyO', 1, 1, 1, 'Desporte', 'Sharia', '4 Kensington Road', 37900, 'Passos', 'sdesporteam@google.co.uk', '2019-08-02 00:00:00', 'http://dummyimage.com/188x109.jpg/cc0000/ffffff', ''),
(384, 'tabelsan', 'fvze5V', 1, 1, 1, 'Abels', 'Theresa', '3 Bunting Hill', 33000, 'Neiguan', 'tabelsan@wunderground.com', '2019-08-02 00:00:00', 'http://dummyimage.com/111x247.jpg/dddddd/000000', ''),
(385, 'sbusfieldao', 'RzEPfxf', 1, 1, 1, 'Busfield', 'Selestina', '14975 Troy Parkway', 789, 'Bohutín', 'sbusfieldao@yahoo.co.jp', '2019-07-04 00:00:00', 'http://dummyimage.com/151x249.jpg/cc0000/ffffff', ''),
(386, 'efaceyap', 'VpJvIoagh', 1, 1, 1, 'Facey', 'Elianora', '1 Milwaukee Street', 97, 'Budziszewice', 'efaceyap@zdnet.com', '2019-07-05 00:00:00', 'http://dummyimage.com/230x250.jpg/ff4444/ffffff', ''),
(387, 'dandriuzziaq', '27xPkLMgI', 1, 1, 1, 'Andriuzzi', 'Demeter', '0 Canary Road', 894, 'Själevad', 'dandriuzziaq@state.gov', '2019-10-17 00:00:00', 'http://dummyimage.com/139x123.jpg/ff4444/ffffff', ''),
(388, 'sbaconar', 'aLdmCtd', 1, 1, 1, 'Bacon', 'Sheree', '8368 Walton Way', 33000, 'Bungereng', 'sbaconar@dailymail.co.uk', '2019-03-08 00:00:00', 'http://dummyimage.com/197x187.jpg/5fa2dd/ffffff', ''),
(389, 'hdaoutas', 'O1G580tas9C6', 1, 1, 1, 'Daout', 'Harriette', '730 Grover Crossing', 33000, 'Sandaoba', 'hdaoutas@un.org', '2019-03-04 00:00:00', 'http://dummyimage.com/120x180.jpg/dddddd/000000', ''),
(390, 'mlorrowayat', 'yJ7PKNq', 1, 1, 1, 'Lorroway', 'Merrielle', '312 Jenna Lane', 33000, 'Tlogowungu', 'mlorrowayat@japanpost.jp', '2019-09-18 00:00:00', 'http://dummyimage.com/247x210.jpg/5fa2dd/ffffff', ''),
(391, 'agillau', '8qpveS', 1, 1, 1, 'Gill', 'Antone', '80 Loomis Junction', 363220, 'Mizur', 'agillau@amazon.co.jp', '2019-06-11 00:00:00', 'http://dummyimage.com/221x149.jpg/dddddd/000000', ''),
(392, 'bseivertsenav', 'X7oVVHM0o6', 1, 1, 1, 'Seivertsen', 'Bessy', '2929 Meadow Vale Trail', 17980, 'Panorama', 'bseivertsenav@wikia.com', '2019-10-14 00:00:00', 'http://dummyimage.com/180x197.jpg/dddddd/000000', ''),
(393, 'mkingescotaw', 'SaHX78v02D0', 1, 1, 1, 'Kingescot', 'Morganne', '11 Farwell Parkway', 33000, 'Datar', 'mkingescotaw@zdnet.com', '2019-07-14 00:00:00', 'http://dummyimage.com/176x140.jpg/ff4444/ffffff', ''),
(394, 'cpestellax', 'MvZIKSE', 1, 1, 1, 'Pestell', 'Catlee', '7 Sunbrook Place', 33000, 'Aija', 'cpestellax@tuttocitta.it', '2019-08-02 00:00:00', 'http://dummyimage.com/163x184.jpg/ff4444/ffffff', ''),
(395, 'mkarpeevay', '5eABH8cY', 1, 1, 1, 'Karpeev', 'Morlee', '575 Iowa Avenue', 4821, 'Flagstaff', 'mkarpeevay@phoca.cz', '2019-07-06 00:00:00', 'http://dummyimage.com/187x178.jpg/ff4444/ffffff', ''),
(396, 'opollastroaz', 'QNDgfSYwu', 1, 1, 1, 'Pollastro', 'Odilia', '97653 Cascade Center', 33000, 'Were Īlu', 'opollastroaz@alibaba.com', '2019-05-09 00:00:00', 'http://dummyimage.com/116x221.jpg/5fa2dd/ffffff', ''),
(397, 'sklimschb0', 'uyyEspW6HtQF', 1, 1, 1, 'Klimsch', 'Salome', '167 Mosinee Court', 33000, 'Krajan C Wonorejo', 'sklimschb0@businessinsider.com', '2019-03-31 00:00:00', 'http://dummyimage.com/189x150.jpg/dddddd/000000', ''),
(398, 'pdimmackb1', '8ZBM0zfZhP', 1, 1, 1, 'Dimmack', 'Penelope', '28365 Annamark Street', 692, 'Yonago', 'pdimmackb1@webs.com', '2019-06-28 00:00:00', 'http://dummyimage.com/188x229.jpg/dddddd/000000', ''),
(399, 'cthoriusb2', 'cT1WAGJcM', 1, 1, 1, 'Thorius', 'Crissy', '35 Farmco Trail', 33000, 'Huelkail', 'cthoriusb2@multiply.com', '2019-06-22 00:00:00', 'http://dummyimage.com/181x176.jpg/cc0000/ffffff', ''),
(400, 'kcrinionb3', 'YArXLJB', 1, 1, 1, 'Crinion', 'Kerstin', '1865 New Castle Trail', 33000, 'Gialo', 'kcrinionb3@shareasale.com', '2019-11-21 00:00:00', 'http://dummyimage.com/136x224.jpg/dddddd/000000', ''),
(401, 'gchoppinb4', 'APdjBG15z4p', 1, 1, 1, 'Choppin', 'Guglielmo', '19409 Daystar Circle', 33000, 'Sohag', 'gchoppinb4@sbwire.com', '2019-06-23 00:00:00', 'http://dummyimage.com/244x220.jpg/5fa2dd/ffffff', ''),
(402, 'abeveredgeb5', 'kZT7gvo3', 1, 1, 1, 'Beveredge', 'Aland', '1091 Lakeland Way', 33000, 'Pohonsirih', 'abeveredgeb5@cargocollective.com', '2019-03-14 00:00:00', 'http://dummyimage.com/183x224.jpg/dddddd/000000', ''),
(403, 'rgratlandb6', 'dsOixQ1z', 1, 1, 1, 'Gratland', 'Riane', '8629 Tennyson Road', 33000, 'Zābolī', 'rgratlandb6@seesaa.net', '2019-08-12 00:00:00', 'http://dummyimage.com/133x123.jpg/ff4444/ffffff', ''),
(404, 'fwildinb7', 'x5mmxHy1H', 1, 1, 1, 'Wildin', 'Freddie', '138 Chinook Avenue', 33000, 'Kediri', 'fwildinb7@msn.com', '2019-07-22 00:00:00', 'http://dummyimage.com/101x173.jpg/dddddd/000000', ''),
(405, 'csmartb8', 'c1vo8pxb', 1, 1, 1, 'Smart', 'Cherin', '32 Northland Street', 33000, 'Caloue', 'csmartb8@ibm.com', '2019-10-15 00:00:00', 'http://dummyimage.com/194x215.jpg/cc0000/ffffff', ''),
(406, 'mlezemereb9', 'HGhKeoKUz', 1, 1, 1, 'Lezemere', 'Melody', '273 Northfield Crossing', 33000, 'Tempeh Tengah', 'mlezemereb9@dell.com', '2019-08-03 00:00:00', 'http://dummyimage.com/223x102.jpg/dddddd/000000', ''),
(407, 'htremaineba', 'YniQeCp6ca6e', 1, 1, 1, 'Tremaine', 'Hobie', '6923 Sheridan Road', 33000, 'Xinzheng', 'htremaineba@forbes.com', '2019-02-11 00:00:00', 'http://dummyimage.com/239x234.jpg/cc0000/ffffff', ''),
(408, 'wgutchbb', 'mGTVLRbSnT', 1, 1, 1, 'Gutch', 'Wash', '326 Old Gate Parkway', 76, 'Potęgowo', 'wgutchbb@businessinsider.com', '2019-11-20 00:00:00', 'http://dummyimage.com/199x175.jpg/5fa2dd/ffffff', ''),
(409, 'bschultesbc', 'IJADtZ3', 1, 1, 1, 'Schultes', 'Bernette', '60805 East Park', 35000, 'Governador Valadares', 'bschultesbc@mit.edu', '2019-06-13 00:00:00', 'http://dummyimage.com/208x228.jpg/ff4444/ffffff', ''),
(410, 'ncoronadobd', 'KGFju7cGL', 1, 1, 1, 'Coronado', 'Nilson', '5 Portage Court', 77035, 'Houston', 'ncoronadobd@icq.com', '2019-05-21 00:00:00', 'http://dummyimage.com/118x147.jpg/cc0000/ffffff', ''),
(411, 'gcraikerbe', 'MahwmvvXuB', 1, 1, 1, 'Craiker', 'Gillan', '08 Raven Street', 18140, 'Nong Khae', 'gcraikerbe@tinyurl.com', '2019-07-10 00:00:00', 'http://dummyimage.com/113x172.jpg/ff4444/ffffff', ''),
(412, 'mfengebf', '72Fhgb0', 1, 1, 1, 'Fenge', 'Markus', '0 Corscot Road', 452242, 'Dmitriyevka', 'mfengebf@bloglovin.com', '2019-11-11 00:00:00', 'http://dummyimage.com/219x108.jpg/dddddd/000000', ''),
(413, 'larmfieldbg', 'vlo0KZz', 1, 1, 1, 'Armfield', 'Lindsey', '5545 Arapahoe Circle', 33000, 'Tonggoh', 'larmfieldbg@mysql.com', '2019-03-10 00:00:00', 'http://dummyimage.com/172x207.jpg/dddddd/000000', ''),
(414, 'dspiaggiabh', 'MtnPBd9HB7', 1, 1, 1, 'Spiaggia', 'Dulsea', '1382 Mandrake Center', 3111, 'Aliaga', 'dspiaggiabh@ning.com', '2019-04-23 00:00:00', 'http://dummyimage.com/243x246.jpg/cc0000/ffffff', ''),
(415, 'gvankeevbi', 'tqgkNMsPvL', 1, 1, 1, 'Vankeev', 'Gill', '24556 Trailsway Hill', 33000, 'Andekantor', 'gvankeevbi@usda.gov', '2019-05-23 00:00:00', 'http://dummyimage.com/181x180.jpg/cc0000/ffffff', ''),
(416, 'dsephtonbj', '1bvlaAoJoRrv', 1, 1, 1, 'Sephton', 'Darius', '661 Myrtle Pass', 71605, 'Guadalupe', 'dsephtonbj@state.gov', '2019-04-18 00:00:00', 'http://dummyimage.com/137x167.jpg/ff4444/ffffff', ''),
(417, 'dkauffmanbk', '70TPlOAh', 1, 1, 1, 'Kauffman', 'Dell', '836 Lake View Terrace', 33000, 'Banī Suwayf', 'dkauffmanbk@irs.gov', '2019-08-31 00:00:00', 'http://dummyimage.com/142x165.jpg/5fa2dd/ffffff', ''),
(418, 'mbaskettbl', 'JC0Mx0', 1, 1, 1, 'Baskett', 'Madella', '99333 Straubel Circle', 2380, 'Slovenj Gradec', 'mbaskettbl@artisteer.com', '2019-11-05 00:00:00', 'http://dummyimage.com/204x147.jpg/ff4444/ffffff', ''),
(419, 'lerickssenbm', 'O7BAJbO', 1, 1, 1, 'Erickssen', 'Lucas', '622 Lakeland Court', 33000, 'Gargaliánoi', 'lerickssenbm@163.com', '2019-03-17 00:00:00', 'http://dummyimage.com/127x166.jpg/cc0000/ffffff', ''),
(420, 'gdelvesbn', 'VD9TxxXW04Cv', 1, 1, 1, 'Delves', 'Galina', '40046 Grim Street', 33000, 'Saint John’s', 'gdelvesbn@ed.gov', '2019-03-07 00:00:00', 'http://dummyimage.com/157x177.jpg/cc0000/ffffff', ''),
(421, 'blaleveebo', 'MAlLk2Y', 1, 1, 1, 'Lalevee', 'Berna', '912 Harbort Park', 38, 'Nowosielce-Gniewosz', 'blaleveebo@photobucket.com', '2019-11-02 00:00:00', 'http://dummyimage.com/173x114.jpg/5fa2dd/ffffff', ''),
(422, 'msircombbp', '0NsURu0e6s', 1, 1, 1, 'Sircomb', 'Maddy', '2 Shoshone Parkway', 33000, 'Baiyang', 'msircombbp@narod.ru', '2019-10-02 00:00:00', 'http://dummyimage.com/185x216.jpg/cc0000/ffffff', ''),
(423, 'kundrillbq', 'J6OEdcv', 1, 1, 1, 'Undrill', 'Kimmy', '8484 Melrose Avenue', 33000, 'Khoronk’', 'kundrillbq@mapy.cz', '2019-09-17 00:00:00', 'http://dummyimage.com/150x109.jpg/cc0000/ffffff', ''),
(424, 'tadrienbr', 'GPTvEJsrRD', 1, 1, 1, 'Adrien', 'Tabby', '155 Russell Way', 601270, 'Bogolyubovo', 'tadrienbr@sourceforge.net', '2019-11-04 00:00:00', 'http://dummyimage.com/125x228.jpg/dddddd/000000', ''),
(425, 'tgourdonbs', 'haKH86s', 1, 1, 1, 'Gourdon', 'Thorvald', '3811 Ruskin Center', 6328, 'Calape', 'tgourdonbs@ihg.com', '2019-06-02 00:00:00', 'http://dummyimage.com/194x136.jpg/5fa2dd/ffffff', ''),
(426, 'jbaldinbt', 'dplVNcpg', 1, 1, 1, 'Baldin', 'Judy', '2 Debra Parkway', 3080, 'Quiaios', 'jbaldinbt@nbcnews.com', '2019-11-04 00:00:00', 'http://dummyimage.com/148x149.jpg/ff4444/ffffff', ''),
(427, 'ephillpsbu', 'CzzjmshEHBbn', 1, 1, 1, 'Phillps', 'Elisabet', '14363 Mccormick Parkway', 33000, 'Longshi', 'ephillpsbu@soundcloud.com', '2019-02-17 00:00:00', 'http://dummyimage.com/185x231.jpg/dddddd/000000', ''),
(428, 'glaverockbv', '4sCZwf', 1, 1, 1, 'Laverock', 'Grant', '2 Briar Crest Park', 33000, 'Finiq', 'glaverockbv@rambler.ru', '2019-07-16 00:00:00', 'http://dummyimage.com/240x129.jpg/cc0000/ffffff', ''),
(429, 'zparletbw', 'yqrebG', 1, 1, 1, 'Parlet', 'Zandra', '08 Crest Line Center', 50770, 'Ārifwāla', 'zparletbw@sohu.com', '2019-10-06 00:00:00', 'http://dummyimage.com/244x249.jpg/dddddd/000000', ''),
(430, 'bcarlsenbx', 'ByZI1U9CLa5', 1, 1, 1, 'Carlsen', 'Beitris', '28912 Morrow Crossing', 33000, 'Guanyao', 'bcarlsenbx@adobe.com', '2019-04-12 00:00:00', 'http://dummyimage.com/231x241.jpg/ff4444/ffffff', ''),
(431, 'mrodenby', 'ANeoAgK53Ewk', 1, 1, 1, 'Roden', 'Merwin', '6108 Pleasure Circle', 87, 'Wielka Nieszawka', 'mrodenby@liveinternet.ru', '2019-09-05 00:00:00', 'http://dummyimage.com/240x177.jpg/cc0000/ffffff', ''),
(432, 'bsaintpierrebz', 'CE3XC3mU3cy', 1, 1, 1, 'Saintpierre', 'Babb', '1748 Steensland Way', 33000, 'Kharagauli', 'bsaintpierrebz@cloudflare.com', '2019-08-03 00:00:00', 'http://dummyimage.com/122x209.jpg/5fa2dd/ffffff', ''),
(433, 'msurgisonc0', 'vPNVVBKPe', 1, 1, 1, 'Surgison', 'Millie', '1 Dryden Avenue', 78415, 'Aubergenville', 'msurgisonc0@addtoany.com', '2019-11-16 00:00:00', 'http://dummyimage.com/171x109.jpg/cc0000/ffffff', ''),
(434, 'mchellenhamc1', 'x566JqBia', 1, 1, 1, 'Chellenham', 'Margy', '9 Ridgeway Hill', 7006, 'Monching', 'mchellenhamc1@japanpost.jp', '2019-04-28 00:00:00', 'http://dummyimage.com/146x228.jpg/cc0000/ffffff', ''),
(435, 'kaujeanc2', '26PjgH', 1, 1, 1, 'Aujean', 'Karlyn', '4 Hudson Street', 25940, 'Guapimirim', 'kaujeanc2@prweb.com', '2019-08-24 00:00:00', 'http://dummyimage.com/210x206.jpg/5fa2dd/ffffff', ''),
(436, 'clyddyardc3', '6ABWSEbB3Ow', 1, 1, 1, 'Lyddyard', 'Cassandra', '39 Crescent Oaks Lane', 5870, 'Villa Dolores', 'clyddyardc3@livejournal.com', '2019-03-15 00:00:00', 'http://dummyimage.com/219x122.jpg/ff4444/ffffff', ''),
(437, 'rivanishevc4', 'DHbCPTq', 1, 1, 1, 'Ivanishev', 'Rolfe', '68 Clove Street', 33000, 'Huyunxiang', 'rivanishevc4@google.com.au', '2019-08-08 00:00:00', 'http://dummyimage.com/233x228.jpg/ff4444/ffffff', ''),
(438, 'dhurleyc5', 'TsAikX', 1, 1, 1, 'Hurley', 'Dori', '52320 Northfield Park', 33000, 'Sunampe', 'dhurleyc5@twitter.com', '2019-04-15 00:00:00', 'http://dummyimage.com/243x242.jpg/ff4444/ffffff', ''),
(439, 'chardmanc6', 'eckXGm9iZXBp', 1, 1, 1, 'Hardman', 'Celene', '063 Scott Parkway', 33000, 'Huangtang', 'chardmanc6@cdc.gov', '2019-02-09 00:00:00', 'http://dummyimage.com/227x147.jpg/5fa2dd/ffffff', ''),
(440, 'pwakelamc7', 'pcsdl5kEj0jw', 1, 1, 1, 'Wakelam', 'Phylis', '6442 Vernon Road', 5120, 'Tabuaço', 'pwakelamc7@un.org', '2019-03-28 00:00:00', 'http://dummyimage.com/101x171.jpg/cc0000/ffffff', ''),
(441, 'rovershottc8', 'Me9zmplzArZo', 1, 1, 1, 'Overshott', 'Ruperto', '24 Coleman Plaza', 33000, 'Bomomani', 'rovershottc8@hubpages.com', '2019-08-05 00:00:00', 'http://dummyimage.com/247x164.jpg/dddddd/000000', ''),
(442, 'ybispoc9', 'VLdCzskK2ZnP', 1, 1, 1, 'Bispo', 'Yvette', '2583 Pearson Point', 55600, 'Vitória de Santo Antão', 'ybispoc9@webmd.com', '2019-10-16 00:00:00', 'http://dummyimage.com/215x230.jpg/ff4444/ffffff', ''),
(443, 'rsainerca', 'kXfRq02fN', 1, 1, 1, 'Sainer', 'Rudolf', '973 Mayfield Hill', 250618, 'Guachetá', 'rsainerca@ocn.ne.jp', '2019-10-02 00:00:00', 'http://dummyimage.com/153x125.jpg/5fa2dd/ffffff', ''),
(444, 'btunnocb', 'gkTnLj7', 1, 1, 1, 'Tunno', 'Broddy', '9691 Warrior Place', 32274, 'Štitar', 'btunnocb@hp.com', '2019-05-22 00:00:00', 'http://dummyimage.com/165x175.jpg/ff4444/ffffff', ''),
(445, 'ucocklincc', 'iiKE4DYOpG', 1, 1, 1, 'Cocklin', 'Urbanus', '06 Surrey Trail', 509, 'Minokamo', 'ucocklincc@de.vu', '2019-11-18 00:00:00', 'http://dummyimage.com/168x218.jpg/ff4444/ffffff', ''),
(446, 'abollercd', 'OAL4Nni3jJV', 1, 1, 1, 'Boller', 'Antoni', '805 Veith Terrace', 2281, 'Lakatnik', 'abollercd@dmoz.org', '2019-07-17 00:00:00', 'http://dummyimage.com/168x194.jpg/ff4444/ffffff', ''),
(447, 'dleflochce', 'WTJZyL6R8N', 1, 1, 1, 'Le Floch', 'Darrick', '139 Lakewood Gardens Terrace', 33000, 'Hankazi', 'dleflochce@scientificamerican.com', '2019-05-04 00:00:00', 'http://dummyimage.com/206x101.jpg/dddddd/000000', ''),
(448, 'bjimecf', 'f0pNWQnY', 1, 1, 1, 'Jime', 'Bartholemy', '95684 Petterle Junction', 45700, 'Itapetinga', 'bjimecf@freewebs.com', '2019-05-31 00:00:00', 'http://dummyimage.com/206x189.jpg/dddddd/000000', ''),
(449, 'tbelshamcg', 'qpymQdBi7Bv', 1, 1, 1, 'Belsham', 'Tybalt', '40 Pond Drive', 33000, 'Shuiyang', 'tbelshamcg@marketwatch.com', '2019-03-07 00:00:00', 'http://dummyimage.com/136x216.jpg/ff4444/ffffff', ''),
(450, 'dlindstedtch', 'MUotJi85Qo1', 1, 1, 1, 'Lindstedt', 'Dominik', '3653 Manitowish Court', 33000, 'Macari', 'dlindstedtch@com.com', '2019-07-09 00:00:00', 'http://dummyimage.com/222x213.jpg/ff4444/ffffff', ''),
(451, 'cconstanzaci', '0DieEtF4awl', 1, 1, 1, 'Constanza', 'Cynthie', '5 Vernon Junction', 662340, 'Balakhta', 'cconstanzaci@xrea.com', '2019-05-27 00:00:00', 'http://dummyimage.com/194x126.jpg/cc0000/ffffff', ''),
(452, 'cnonocj', 'qb6CJMfE', 1, 1, 1, 'Nono', 'Colas', '6322 Hovde Avenue', 15561, 'Nastola', 'cnonocj@comcast.net', '2019-02-16 00:00:00', 'http://dummyimage.com/215x239.jpg/5fa2dd/ffffff', ''),
(453, 'ddebruyneck', 'p2asbnO', 1, 1, 1, 'De Bruyne', 'Dani', '14 Charing Cross Terrace', 3733, 'Hermoso Campo', 'ddebruyneck@bravesites.com', '2019-09-04 00:00:00', 'http://dummyimage.com/154x231.jpg/5fa2dd/ffffff', ''),
(454, 'tbartosiakcl', 'n5LgxIsDmxgV', 1, 1, 1, 'Bartosiak', 'Tallie', '795 Ridgeview Circle', 33000, 'Taochuan', 'tbartosiakcl@last.fm', '2019-08-22 00:00:00', 'http://dummyimage.com/103x222.jpg/ff4444/ffffff', ''),
(455, 'dtoffaninicm', 'wVXsdl', 1, 1, 1, 'Toffanini', 'Daryn', '14 Erie Hill', 9421, 'Winburg', 'dtoffaninicm@liveinternet.ru', '2019-08-06 00:00:00', 'http://dummyimage.com/229x117.jpg/5fa2dd/ffffff', ''),
(456, 'hhallowscn', 'wAmC5zUzgxI', 1, 1, 1, 'Hallows', 'Helaina', '1 Londonderry Pass', 33000, 'Fontanka', 'hhallowscn@cornell.edu', '2019-11-19 00:00:00', 'http://dummyimage.com/182x132.jpg/cc0000/ffffff', ''),
(457, 'cbarnwellco', '87QiSlPxf5Te', 1, 1, 1, 'Barnwell', 'Christyna', '598 Haas Crossing', 6904, 'Zevenaar', 'cbarnwellco@163.com', '2019-11-24 00:00:00', 'http://dummyimage.com/146x159.jpg/dddddd/000000', ''),
(458, 'mvassecp', 'YTlqhJXCxjx', 1, 1, 1, 'Vasse', 'Morganne', '72 Acker Center', 24130, 'Bang Pakong', 'mvassecp@mediafire.com', '2019-06-29 00:00:00', 'http://dummyimage.com/192x197.jpg/5fa2dd/ffffff', ''),
(459, 'sphilpaultcq', '84O9FxTaP', 1, 1, 1, 'Philpault', 'Slade', '3 Erie Court', 33000, 'Georgetown', 'sphilpaultcq@opera.com', '2019-03-18 00:00:00', 'http://dummyimage.com/128x106.jpg/cc0000/ffffff', ''),
(460, 'acarrelcr', 'qKrXgcNh2', 1, 1, 1, 'Carrel', 'Albertine', '5103 Basil Junction', 37, 'Łętownia', 'acarrelcr@cnbc.com', '2019-08-03 00:00:00', 'http://dummyimage.com/145x172.jpg/ff4444/ffffff', ''),
(461, 'kzouchcs', '6HRzvS3QT', 1, 1, 1, 'Zouch', 'Katey', '4198 Vera Alley', 33000, 'Hekou', 'kzouchcs@t-online.de', '2019-06-19 00:00:00', 'http://dummyimage.com/131x225.jpg/dddddd/000000', ''),
(462, 'ttasselct', 'sQAY3A', 1, 1, 1, 'Tassel', 'Tally', '06412 Sachtjen Road', 396931, 'Semiluki', 'ttasselct@trellian.com', '2019-06-07 00:00:00', 'http://dummyimage.com/167x147.jpg/ff4444/ffffff', ''),
(463, 'fstockeycu', '9U9eQ5Tt', 1, 1, 1, 'Stockey', 'Florette', '1471 Rusk Terrace', 3503, 'Tiblawan', 'fstockeycu@sciencedirect.com', '2019-04-11 00:00:00', 'http://dummyimage.com/135x172.jpg/dddddd/000000', ''),
(464, 'cduddellcv', 'fhbR9N', 1, 1, 1, 'Duddell', 'Carroll', '37 Forest Road', 6817, 'Dolores', 'cduddellcv@google.com', '2019-07-06 00:00:00', 'http://dummyimage.com/183x214.jpg/dddddd/000000', ''),
(465, 'ckelsoncw', 'fnb72BklN', 1, 1, 1, 'Kelson', 'Cecilius', '704 Del Mar Hill', 33000, 'Lancang', 'ckelsoncw@pagesperso-orange.fr', '2019-05-29 00:00:00', 'http://dummyimage.com/112x131.jpg/ff4444/ffffff', ''),
(466, 'wnorewoodcx', 'vdNa97fWHo2h', 1, 1, 1, 'Norewood', 'Willetta', '16 2nd Terrace', 33000, 'Río Blanco', 'wnorewoodcx@usnews.com', '2019-08-05 00:00:00', 'http://dummyimage.com/230x199.jpg/5fa2dd/ffffff', ''),
(467, 'meakenscy', 'MgvLBfkc', 1, 1, 1, 'Eakens', 'Marion', '579 Summit Center', 33000, 'Stari Bohorodchany', 'meakenscy@tiny.cc', '2019-02-13 00:00:00', 'http://dummyimage.com/213x124.jpg/dddddd/000000', ''),
(468, 'nchoakcz', 'iwdRBVt', 1, 1, 1, 'Choak', 'Nell', '19 Heffernan Pass', 33000, 'Gondang', 'nchoakcz@phpbb.com', '2019-04-21 00:00:00', 'http://dummyimage.com/148x151.jpg/cc0000/ffffff', ''),
(469, 'ctittletrossd0', 'IPTeorLgIed', 1, 1, 1, 'Tittletross', 'Candis', '440 Pawling Hill', 33000, 'Chengguan', 'ctittletrossd0@arstechnica.com', '2019-04-19 00:00:00', 'http://dummyimage.com/200x170.jpg/dddddd/000000', ''),
(470, 'cberzind1', 'QLG0ob2', 1, 1, 1, 'Berzin', 'Cullin', '76 Artisan Terrace', 302, 'Halmstad', 'cberzind1@deliciousdays.com', '2019-06-16 00:00:00', 'http://dummyimage.com/248x164.jpg/ff4444/ffffff', ''),
(471, 'eanchord2', 'LfB4RKpGX', 1, 1, 1, 'Anchor', 'Enriqueta', '093 Summit Court', 33000, 'Phumĭ Véal Srê', 'eanchord2@chicagotribune.com', '2019-06-10 00:00:00', 'http://dummyimage.com/124x153.jpg/dddddd/000000', ''),
(472, 'gmoneyd3', 'BytaBYFrBngG', 1, 1, 1, 'Money', 'Georgine', '51 Merrick Street', 33000, 'Kryevidh', 'gmoneyd3@nbcnews.com', '2019-05-23 00:00:00', 'http://dummyimage.com/209x231.jpg/cc0000/ffffff', ''),
(473, 'pforrestalld4', 'GSoePwXE', 1, 1, 1, 'Forrestall', 'Peggie', '3526 Swallow Center', 678831, 'Cherskiy', 'pforrestalld4@discovery.com', '2019-06-23 00:00:00', 'http://dummyimage.com/100x179.jpg/ff4444/ffffff', ''),
(474, 'docrevyd5', 'Sw5ZIE1', 1, 1, 1, 'O\'Crevy', 'Doti', '69245 Memorial Avenue', 905, 'Hiji', 'docrevyd5@webeden.co.uk', '2019-08-20 00:00:00', 'http://dummyimage.com/116x108.jpg/5fa2dd/ffffff', ''),
(475, 'cbankhurstd6', 'KTos2AmBo1', 1, 1, 1, 'Bankhurst', 'Cesya', '8627 Mendota Alley', 33000, 'Pasirreungit', 'cbankhurstd6@redcross.org', '2019-06-03 00:00:00', 'http://dummyimage.com/194x202.jpg/dddddd/000000', ''),
(476, 'hanyened7', 'aLgu3G6', 1, 1, 1, 'Anyene', 'Heriberto', '0684 Kingsford Circle', 85205, 'Mesa', 'hanyened7@nifty.com', '2019-10-15 00:00:00', 'http://dummyimage.com/243x143.jpg/cc0000/ffffff', ''),
(477, 'mwaplintond8', 'TvBS1f', 1, 1, 1, 'Waplinton', 'Mal', '7 Park Meadow Street', 33000, 'Ágios Stéfanos', 'mwaplintond8@liveinternet.ru', '2019-04-18 00:00:00', 'http://dummyimage.com/242x225.jpg/cc0000/ffffff', ''),
(478, 'mdutnalld9', 'eMoTEvM6V', 1, 1, 1, 'Dutnall', 'Mervin', '4414 Evergreen Avenue', 33000, 'Luyang', 'mdutnalld9@toplist.cz', '2019-09-26 00:00:00', 'http://dummyimage.com/211x114.jpg/5fa2dd/ffffff', ''),
(479, 'pillsleyda', 'ahYG0786', 1, 1, 1, 'Illsley', 'Prentiss', '1 Crescent Oaks Hill', 9402, 'Busilak', 'pillsleyda@cnbc.com', '2019-06-10 00:00:00', 'http://dummyimage.com/202x240.jpg/ff4444/ffffff', ''),
(480, 'arubydb', 'N420VWV', 1, 1, 1, 'Ruby', 'Amii', '81701 Oak Court', 33000, 'Hexi', 'arubydb@domainmarket.com', '2019-10-17 00:00:00', 'http://dummyimage.com/193x214.jpg/ff4444/ffffff', ''),
(481, 'fmcmullendc', 'NXCwzco', 1, 1, 1, 'McMullen', 'Forrester', '3045 Morning Center', 33000, 'Karangmelok', 'fmcmullendc@oaic.gov.au', '2019-11-02 00:00:00', 'http://dummyimage.com/226x246.jpg/dddddd/000000', ''),
(482, 'pmariottedd', 'Wxz2BP', 1, 1, 1, 'Mariotte', 'Penny', '87864 Debs Pass', 904, 'Gushikawa', 'pmariottedd@tmall.com', '2019-06-01 00:00:00', 'http://dummyimage.com/151x175.jpg/5fa2dd/ffffff', ''),
(483, 'kkennermannde', 'WtBOKA1S', 1, 1, 1, 'Kennermann', 'Kristina', '06 Evergreen Center', 4132, 'Famaillá', 'kkennermannde@bloomberg.com', '2019-08-05 00:00:00', 'http://dummyimage.com/191x232.jpg/ff4444/ffffff', ''),
(484, 'cledgertondf', '2ugMKq9MJ', 1, 1, 1, 'Ledgerton', 'Chan', '89 Ilene Alley', 33000, 'Muaratiga', 'cledgertondf@berkeley.edu', '2019-08-05 00:00:00', 'http://dummyimage.com/114x145.jpg/5fa2dd/ffffff', ''),
(485, 'msharplesdg', 'D1AtCzrqT04c', 1, 1, 1, 'Sharples', 'Maximo', '26010 Grover Terrace', 33000, 'Zhoujiang', 'msharplesdg@yahoo.com', '2019-06-18 00:00:00', 'http://dummyimage.com/156x158.jpg/cc0000/ffffff', ''),
(486, 'dfazakerleydh', 'ycTDWNcV', 1, 1, 1, 'Fazakerley', 'Derron', '12 Arapahoe Lane', 76330, 'Jaraguá', 'dfazakerleydh@flavors.me', '2019-05-12 00:00:00', 'http://dummyimage.com/153x219.jpg/dddddd/000000', ''),
(487, 'cmuzzlewhitedi', 'weBoVR', 1, 1, 1, 'Muzzlewhite', 'Clarke', '9 Golf Course Center', 33000, 'Dasht-e Qal‘ah', 'cmuzzlewhitedi@yahoo.co.jp', '2019-11-01 00:00:00', 'http://dummyimage.com/138x216.jpg/ff4444/ffffff', ''),
(488, 'spickstondj', 'PyTmPFSY', 1, 1, 1, 'Pickston', 'Sven', '30 Pennsylvania Junction', 33000, 'Fanzhuang', 'spickstondj@bravesites.com', '2019-11-19 00:00:00', 'http://dummyimage.com/130x187.jpg/5fa2dd/ffffff', ''),
(489, 'mrampleedk', 'AS0QcjhM2', 1, 1, 1, 'Ramplee', 'Mirella', '866 Stephen Drive', 33000, 'Taposan', 'mrampleedk@boston.com', '2019-02-15 00:00:00', 'http://dummyimage.com/120x100.jpg/dddddd/000000', ''),
(490, 'adietzdl', 'K9C4MYYLX', 1, 1, 1, 'Dietz', 'Adelle', '2 Moose Way', 41963, 'San Jose', 'adietzdl@vimeo.com', '2019-03-20 00:00:00', 'http://dummyimage.com/125x226.jpg/cc0000/ffffff', ''),
(491, 'gmacarddm', 'g0IbooGG622', 1, 1, 1, 'MacArd', 'Georgina', '7 Reinke Alley', 10155, 'New York City', 'gmacarddm@technorati.com', '2019-04-17 00:00:00', 'http://dummyimage.com/102x157.jpg/5fa2dd/ffffff', ''),
(492, 'nhenkerdn', 'snwcyBUWwezc', 1, 1, 1, 'Henker', 'Natal', '6615 Aberg Place', 78930, 'Ariquemes', 'nhenkerdn@newsvine.com', '2019-04-28 00:00:00', 'http://dummyimage.com/219x140.jpg/cc0000/ffffff', ''),
(493, 'fbaudassido', 'VTx3YT0A4KY', 1, 1, 1, 'Baudassi', 'Felicio', '590 Westend Trail', 33000, 'Faraulep', 'fbaudassido@freewebs.com', '2019-03-27 00:00:00', 'http://dummyimage.com/248x106.jpg/ff4444/ffffff', ''),
(494, 'mgorthydp', '0iwsGTj8WwU', 1, 1, 1, 'Gorthy', 'Maryann', '69118 Westend Street', 33000, 'Viñac', 'mgorthydp@photobucket.com', '2019-05-31 00:00:00', 'http://dummyimage.com/157x132.jpg/cc0000/ffffff', ''),
(495, 'frenzodq', 'qp2DAsr', 1, 1, 1, 'Renzo', 'Fidelity', '77 Melrose Hill', 33000, 'Paraćin', 'frenzodq@alibaba.com', '2019-09-08 00:00:00', 'http://dummyimage.com/133x101.jpg/cc0000/ffffff', ''),
(496, 'rcromerdr', 'cEKh31zMsel', 1, 1, 1, 'Cromer', 'Rhett', '4748 Starling Parkway', 33000, 'Yinkeng', 'rcromerdr@skyrock.com', '2019-09-01 00:00:00', 'http://dummyimage.com/165x140.jpg/dddddd/000000', ''),
(497, 'bsuppleds', 'bCJk50xUB8d', 1, 1, 1, 'Supple', 'Bunny', '817 Raven Street', 33000, 'Tillabéri', 'bsuppleds@smugmug.com', '2019-04-15 00:00:00', 'http://dummyimage.com/150x158.jpg/ff4444/ffffff', ''),
(498, 'vgilleasedt', 'dibKqcO', 1, 1, 1, 'Gillease', 'Vick', '9 Burning Wood Terrace', 7445, 'Trondheim', 'vgilleasedt@techcrunch.com', '2019-11-27 00:00:00', 'http://dummyimage.com/225x238.jpg/cc0000/ffffff', ''),
(499, 'tsieharddu', 'g0I1myQ63nH9', 1, 1, 1, 'Siehard', 'Tam', '0 Pearson Street', 23110, 'Khlong Yai', 'tsieharddu@eventbrite.com', '2019-08-20 00:00:00', 'http://dummyimage.com/166x135.jpg/cc0000/ffffff', ''),
(500, 'csilcockdv', 'Sukv627', 1, 1, 1, 'Silcock', 'Camella', '9 Brickson Park Street', 33000, 'Kaduheuleut', 'csilcockdv@nhs.uk', '2019-06-08 00:00:00', 'http://dummyimage.com/113x226.jpg/dddddd/000000', '');

--
-- Index pour les tables déchargées
--

--
-- Index pour la table `classes`
--
ALTER TABLE `classes`
  ADD PRIMARY KEY (`id`);

--
-- Index pour la table `classes_profs`
--
ALTER TABLE `classes_profs`
  ADD PRIMARY KEY (`id`);

--
-- Index pour la table `classes_users`
--
ALTER TABLE `classes_users`
  ADD PRIMARY KEY (`id`);

--
-- Index pour la table `courses`
--
ALTER TABLE `courses`
  ADD PRIMARY KEY (`id`);

--
-- Index pour la table `matieres`
--
ALTER TABLE `matieres`
  ADD PRIMARY KEY (`id`);

--
-- Index pour la table `matieres_classes`
--
ALTER TABLE `matieres_classes`
  ADD PRIMARY KEY (`id`);

--
-- Index pour la table `matieres_profs`
--
ALTER TABLE `matieres_profs`
  ADD PRIMARY KEY (`id`);

--
-- Index pour la table `menu_links`
--
ALTER TABLE `menu_links`
  ADD PRIMARY KEY (`id`);

--
-- Index pour la table `news_cat`
--
ALTER TABLE `news_cat`
  ADD PRIMARY KEY (`id`);

--
-- Index pour la table `news_feed`
--
ALTER TABLE `news_feed`
  ADD PRIMARY KEY (`id`),
  ADD KEY `news_category_id` (`news_category_id`);

--
-- Index pour la table `notes`
--
ALTER TABLE `notes`
  ADD PRIMARY KEY (`id`),
  ADD KEY `id` (`id`);

--
-- Index pour la table `users`
--
ALTER TABLE `users`
  ADD PRIMARY KEY (`id`),
  ADD KEY `users_classe` (`users_classe`);

--
-- AUTO_INCREMENT pour les tables déchargées
--

--
-- AUTO_INCREMENT pour la table `classes`
--
ALTER TABLE `classes`
  MODIFY `id` int(11) NOT NULL AUTO_INCREMENT, AUTO_INCREMENT=2;

--
-- AUTO_INCREMENT pour la table `classes_profs`
--
ALTER TABLE `classes_profs`
  MODIFY `id` int(11) NOT NULL AUTO_INCREMENT, AUTO_INCREMENT=3;

--
-- AUTO_INCREMENT pour la table `classes_users`
--
ALTER TABLE `classes_users`
  MODIFY `id` int(11) NOT NULL AUTO_INCREMENT, AUTO_INCREMENT=3;

--
-- AUTO_INCREMENT pour la table `courses`
--
ALTER TABLE `courses`
  MODIFY `id` int(11) NOT NULL AUTO_INCREMENT, AUTO_INCREMENT=3;

--
-- AUTO_INCREMENT pour la table `matieres`
--
ALTER TABLE `matieres`
  MODIFY `id` int(11) NOT NULL AUTO_INCREMENT, AUTO_INCREMENT=26;

--
-- AUTO_INCREMENT pour la table `matieres_classes`
--
ALTER TABLE `matieres_classes`
  MODIFY `id` int(11) NOT NULL AUTO_INCREMENT, AUTO_INCREMENT=3;

--
-- AUTO_INCREMENT pour la table `matieres_profs`
--
ALTER TABLE `matieres_profs`
  MODIFY `id` int(11) NOT NULL AUTO_INCREMENT, AUTO_INCREMENT=3;

--
-- AUTO_INCREMENT pour la table `menu_links`
--
ALTER TABLE `menu_links`
  MODIFY `id` int(11) NOT NULL AUTO_INCREMENT;

--
-- AUTO_INCREMENT pour la table `news_cat`
--
ALTER TABLE `news_cat`
  MODIFY `id` int(11) NOT NULL AUTO_INCREMENT, AUTO_INCREMENT=3;

--
-- AUTO_INCREMENT pour la table `notes`
--
ALTER TABLE `notes`
  MODIFY `id` int(11) NOT NULL AUTO_INCREMENT, AUTO_INCREMENT=1009;

--
-- AUTO_INCREMENT pour la table `users`
--
ALTER TABLE `users`
  MODIFY `id` int(11) NOT NULL AUTO_INCREMENT, AUTO_INCREMENT=501;
COMMIT;

/*!40101 SET CHARACTER_SET_CLIENT=@OLD_CHARACTER_SET_CLIENT */;
/*!40101 SET CHARACTER_SET_RESULTS=@OLD_CHARACTER_SET_RESULTS */;
/*!40101 SET COLLATION_CONNECTION=@OLD_COLLATION_CONNECTION */;
